piece;date;journal;compte;libelle;debit;credit;code_tva;tiers;reference
AC202500244;27/12/2024;AC;614200;Honoraires juridiques;2203,07;;A17;F0022;FA202507-0244
AC202500244;27/12/2024;AC;421611;TVA deductible 17%;374,52;;NA;F0022;FA202507-0244
AC202500244;27/12/2024;AC;441100;PHILIPPE - Honoraires juridiques;;2577,59;NA;F0022;FA202507-0244
AC202500062;01/01/2025;AC;617000;Telecommunications;525,29;;A17;F0016;FA202501-0062
AC202500062;01/01/2025;AC;421611;TVA deductible 17%;89,30;;NA;F0016;FA202501-0062
AC202500062;01/01/2025;AC;441100;LAPORTE MULLER SA - Telecommunications;;614,59;NA;F0016;FA202501-0062
AC202500103;01/01/2025;AC;606000;Achat de marchandises - taux reduit;2330,01;;A8;F0010;FA202501-0103
AC202500103;01/01/2025;AC;421613;TVA deductible 8%;186,40;;NA;F0010;FA202501-0103
AC202500103;01/01/2025;AC;441100;JACQUES S.A. - Achat de marchandises - taux reduit;;2516,41;NA;F0010;FA202501-0103
AN202500001;01/01/2025;AN;221200;Constructions;180000,00;;NA;;AN-2025
AN202500001;01/01/2025;AN;222100;Installations techniques et machines;62000,00;;NA;;AN-2025
AN202500001;01/01/2025;AN;223100;Mobilier et materiel de bureau;18500,00;;NA;;AN-2025
AN202500001;01/01/2025;AN;223200;Materiel informatique;24800,00;;NA;;AN-2025
AN202500001;01/01/2025;AN;223300;Materiel roulant;41000,00;;NA;;AN-2025
AN202500001;01/01/2025;AN;211100;Logiciels et licences;12400,00;;NA;;AN-2025
AN202500001;01/01/2025;AN;221900;Corrections de valeur sur constructions;;43200,00;NA;;AN-2025
AN202500001;01/01/2025;AN;222900;Corrections de valeur sur installations;;28900,00;NA;;AN-2025
AN202500001;01/01/2025;AN;223900;Corrections de valeur sur autres installations;;39600,00;NA;;AN-2025
AN202500001;01/01/2025;AN;211900;Corrections de valeur sur logiciels;;7440,00;NA;;AN-2025
AN202500001;01/01/2025;AN;236000;Depots et cautionnements verses;6000,00;;NA;;AN-2025
AN202500001;01/01/2025;AN;361000;Stocks de marchandises;48750,00;;NA;;AN-2025
AN202500001;01/01/2025;AN;401100;Clients - solde d'ouverture;74300,00;;NA;;AN-2025
AN202500001;01/01/2025;AN;511100;Banque - compte courant principal;52180,00;;NA;;AN-2025
AN202500001;01/01/2025;AN;516000;Caisse;940,00;;NA;;AN-2025
AN202500001;01/01/2025;AN;481000;Charges a reporter;3200,00;;NA;;AN-2025
AN202500001;01/01/2025;AN;441100;Fournisseurs - solde d'ouverture;;58420,00;NA;;AN-2025
AN202500001;01/01/2025;AN;101100;Capital souscrit;;100000,00;NA;;AN-2025
AN202500001;01/01/2025;AN;131000;Reserve legale;;10000,00;NA;;AN-2025
AN202500001;01/01/2025;AN;138000;Autres reserves disponibles;;25000,00;NA;;AN-2025
AN202500001;01/01/2025;AN;192100;Emprunt a moyen et long terme;;96000,00;NA;;AN-2025
AN202500001;01/01/2025;AN;462000;Centre commun de la securite sociale;;9350,00;NA;;AN-2025
AN202500001;01/01/2025;AN;471000;Personnel - remunerations dues;;14100,00;NA;;AN-2025
AN202500001;01/01/2025;AN;461500;TVA due - decompte de decembre;;7830,00;NA;;AN-2025
AN202500001;01/01/2025;AN;141000;Resultats reportes;;84230,00;NA;;AN-2025
VE202500160;01/01/2025;VE;401100;JACQUET SARL - Prestation de services;16458,19;;NA;C0009;FV202501-0160
VE202500160;01/01/2025;VE;704000;Prestation de services;;14066,83;S17;C0009;FV202501-0160
VE202500160;01/01/2025;VE;461411;TVA collectee 17%;;2391,36;NA;C0009;FV202501-0160
VE202500202;01/01/2025;VE;401100;FISCHER - Prestation de services;5369,84;;NA;C0021;FV202501-0202
VE202500202;01/01/2025;VE;704000;Prestation de services;;4589,61;S17;C0021;FV202501-0202
VE202500202;01/01/2025;VE;461411;TVA collectee 17%;;780,23;NA;C0021;FV202501-0202
VE202500076;02/01/2025;VE;401100;HENRY - Prestation de services;2950,26;;NA;C0010;FV202501-0076
VE202500076;02/01/2025;VE;704000;Prestation de services;;2521,59;S17;C0010;FV202501-0076
VE202500076;02/01/2025;VE;461411;TVA collectee 17%;;428,67;NA;C0010;FV202501-0076
VE202500226;02/01/2025;VE;401100;LESAGE - Vente de marchandises;4402,69;;NA;C0024;FV202501-0226
VE202500226;02/01/2025;VE;702000;Vente de marchandises;;3762,98;S17;C0024;FV202501-0226
VE202500226;02/01/2025;VE;461411;TVA collectee 17%;;639,71;NA;C0024;FV202501-0226
AC202500138;06/01/2025;AC;607100;Fournitures de bureau;306,11;;A17;F0005;FA202501-0138
AC202500138;06/01/2025;AC;421611;TVA deductible 17%;52,04;;NA;F0005;FA202501-0138
AC202500138;06/01/2025;AC;441100;ROY BOUVIER SARL - Fournitures de bureau;;358,15;NA;F0005;FA202501-0138
AC202500218;06/01/2025;AC;606000;Acquisition intracommunautaire;2390,01;;AIC;F0015;FA202501-0218
AC202500218;06/01/2025;AC;421611;TVA deductible sur acquisition intracommunautaire;406,30;;NA;F0015;FA202501-0218
AC202500218;06/01/2025;AC;461411;TVA due sur acquisition intracommunautaire;;406,30;NA;F0015;FA202501-0218
AC202500218;06/01/2025;AC;441100;LEGRAND BOURDON ET FILS - Acquisition intracommunautaire;;2390,01;NA;F0015;FA202501-0218
VE202500117;06/01/2025;VE;401100;ADAM VERDIER ET FILS - Vente de biens - taux super-reduit;8485,93;;NA;C0016;FV202501-0117
VE202500117;06/01/2025;VE;702000;Vente de biens - taux super-reduit;;8238,77;S3;C0016;FV202501-0117
VE202500117;06/01/2025;VE;461414;TVA collectee 3%;;247,16;NA;C0016;FV202501-0117
VE202500191;06/01/2025;VE;401100;BOUVET - Vente de marchandises - taux reduit;6413,54;;NA;C0018;FV202501-0191
VE202500191;06/01/2025;VE;702000;Vente de marchandises - taux reduit;;5938,46;S8;C0018;FV202501-0191
VE202500191;06/01/2025;VE;461413;TVA collectee 8%;;475,08;NA;C0018;FV202501-0191
AC202500033;07/01/2025;AC;606000;Achat de marchandises;6588,54;;A17;F0002;FA202501-0033
AC202500033;07/01/2025;AC;421611;TVA deductible 17%;1120,05;;NA;F0002;FA202501-0033
AC202500033;07/01/2025;AC;441100;ALVES - Achat de marchandises;;7708,59;NA;F0002;FA202501-0033
VE202500225;07/01/2025;VE;401100;FAIVRE LELEU ET FILS - Prestation intracommunautaire;1393,15;;NA;C0003;FV202501-0225
VE202500225;07/01/2025;VE;704000;Prestation intracommunautaire;;1393,15;SIC;C0003;FV202501-0225
AC202500127;08/01/2025;AC;606000;Achat de marchandises;9844,48;;A17;F0010;FA202501-0127
AC202500127;08/01/2025;AC;421611;TVA deductible 17%;1673,56;;NA;F0010;FA202501-0127
AC202500127;08/01/2025;AC;441100;JACQUES S.A. - Achat de marchandises;;11518,04;NA;F0010;FA202501-0127
AC202500215;08/01/2025;AC;601000;Achat de matieres premieres;3588,21;;A17;F0018;FA202501-0215
AC202500215;08/01/2025;AC;421611;TVA deductible 17%;610,00;;NA;F0018;FA202501-0215
AC202500215;08/01/2025;AC;441100;FOUCHER - Achat de matieres premieres;;4198,21;NA;F0018;FA202501-0215
AC202500090;09/01/2025;AC;606000;Achat de marchandises;2051,64;;A17;F0007;FA202501-0090
AC202500090;09/01/2025;AC;421611;TVA deductible 17%;348,78;;NA;F0007;FA202501-0090
AC202500090;09/01/2025;AC;441100;BOUTIN SARL - Achat de marchandises;;2400,42;NA;F0007;FA202501-0090
VE202500078;09/01/2025;VE;401100;CORDIER - Vente de marchandises;2087,07;;NA;C0012;FV202501-0078
VE202500078;09/01/2025;VE;702000;Vente de marchandises;;1783,82;S17;C0012;FV202501-0078
VE202500078;09/01/2025;VE;461411;TVA collectee 17%;;303,25;NA;C0012;FV202501-0078
AC202500069;10/01/2025;AC;611500;Charges locatives;322,65;;A17;F0011;FA202501-0069
AC202500069;10/01/2025;AC;421611;TVA deductible 17%;54,85;;NA;F0011;FA202501-0069
AC202500069;10/01/2025;AC;441100;GUIBERT S.A. - Charges locatives;;377,50;NA;F0011;FA202501-0069
VE202500162;13/01/2025;VE;401100;DOS SANTOS BESNARD SA - Vente de biens - taux super-reduit;4095,94;;NA;C0026;FV202501-0162
VE202500162;13/01/2025;VE;702000;Vente de biens - taux super-reduit;;3976,64;S3;C0026;FV202501-0162
VE202500162;13/01/2025;VE;461414;TVA collectee 3%;;119,30;NA;C0026;FV202501-0162
VE202500132;14/01/2025;VE;401100;CORDIER - Prestation de services;4352,53;;NA;C0012;FV202501-0132
VE202500132;14/01/2025;VE;704000;Prestation de services;;3720,11;S17;C0012;FV202501-0132
VE202500132;14/01/2025;VE;461411;TVA collectee 17%;;632,42;NA;C0012;FV202501-0132
VE202500266;14/01/2025;VE;401100;FAIVRE LELEU ET FILS - Prestation de services;2002,48;;NA;C0003;FV202501-0266
VE202500266;14/01/2025;VE;704000;Prestation de services;;1711,52;S17;C0003;FV202501-0266
VE202500266;14/01/2025;VE;461411;TVA collectee 17%;;290,96;NA;C0003;FV202501-0266
VE202500270;14/01/2025;VE;401100;JACQUET SARL - Vente de marchandises;2996,99;;NA;C0009;FV202501-0270
VE202500270;14/01/2025;VE;702000;Vente de marchandises;;2561,53;S17;C0009;FV202501-0270
VE202500270;14/01/2025;VE;461411;TVA collectee 17%;;435,46;NA;C0009;FV202501-0270
AC202500005;16/01/2025;AC;601000;Achat de matieres premieres;803,53;;A17;F0001;FA202501-0005
AC202500005;16/01/2025;AC;421611;TVA deductible 17%;136,60;;NA;F0001;FA202501-0005
AC202500005;16/01/2025;AC;441100;MARQUES - Achat de matieres premieres;;940,13;NA;F0001;FA202501-0005
AC202500020;16/01/2025;AC;606000;Achat de marchandises;2808,87;;A17;F0015;FA202501-0020
AC202500020;16/01/2025;AC;421611;TVA deductible 17%;477,51;;NA;F0015;FA202501-0020
AC202500020;16/01/2025;AC;441100;LEGRAND BOURDON ET FILS - Achat de marchandises;;3286,38;NA;F0015;FA202501-0020
VE202500026;16/01/2025;VE;401100;BRUNEAU S.A.S. - Prestation de services;4854,42;;NA;C0022;FV202501-0026
VE202500026;16/01/2025;VE;704000;Prestation de services;;4149,08;S17;C0022;FV202501-0026
VE202500026;16/01/2025;VE;461411;TVA collectee 17%;;705,34;NA;C0022;FV202501-0026
VE202500204;16/01/2025;VE;401100;AUGER - Exportation hors UE;488,47;;NA;C0013;FV202501-0204
VE202500204;16/01/2025;VE;702000;Exportation hors UE;;488,47;SEX;C0013;FV202501-0204
VE202500009;17/01/2025;VE;401100;FAIVRE LELEU ET FILS - Prestation de services;17240,75;;NA;C0003;FV202501-0009
VE202500009;17/01/2025;VE;704000;Prestation de services;;14735,68;S17;C0003;FV202501-0009
VE202500009;17/01/2025;VE;461411;TVA collectee 17%;;2505,07;NA;C0003;FV202501-0009
VE202500039;17/01/2025;VE;401100;PARENT - Vente de biens - taux super-reduit;368,17;;NA;C0028;FV202501-0039
VE202500039;17/01/2025;VE;702000;Vente de biens - taux super-reduit;;357,45;S3;C0028;FV202501-0039
VE202500039;17/01/2025;VE;461414;TVA collectee 3%;;10,72;NA;C0028;FV202501-0039
VE202500112;17/01/2025;VE;401100;ROUSSEL - Prestation de services;4791,30;;NA;C0001;FV202501-0112
VE202500112;17/01/2025;VE;704000;Prestation de services;;4095,13;S17;C0001;FV202501-0112
VE202500112;17/01/2025;VE;461411;TVA collectee 17%;;696,17;NA;C0001;FV202501-0112
VE202500220;17/01/2025;VE;401100;LOUIS PAYET S.A. - Prestation de services;19410,70;;NA;C0019;FV202501-0220
VE202500220;17/01/2025;VE;704000;Prestation de services;;16590,34;S17;C0019;FV202501-0220
VE202500220;17/01/2025;VE;461411;TVA collectee 17%;;2820,36;NA;C0019;FV202501-0220
BQ202500165;19/01/2025;BQ;511100;Encaissement FV202501-0191;6413,54;;NA;C0018;FV202501-0191
BQ202500165;19/01/2025;BQ;401100;BOUVET - reglement;;6413,54;NA;C0018;FV202501-0191
BQ202500191;19/01/2025;BQ;511100;Encaissement FV202501-0226;4402,69;;NA;C0024;FV202501-0226
BQ202500191;19/01/2025;BQ;401100;LESAGE - reglement;;4402,69;NA;C0024;FV202501-0226
AC202500057;22/01/2025;AC;607100;Fournitures de bureau;185,61;;A17;F0006;FA202501-0057
AC202500057;22/01/2025;AC;421611;TVA deductible 17%;31,55;;NA;F0006;FA202501-0057
AC202500057;22/01/2025;AC;441100;GILLES CLERC SARL - Fournitures de bureau;;217,16;NA;F0006;FA202501-0057
VE202500082;23/01/2025;VE;401100;BOUVET - Vente de marchandises - taux reduit;3481,08;;NA;C0018;FV202501-0082
VE202500082;23/01/2025;VE;702000;Vente de marchandises - taux reduit;;3223,22;S8;C0018;FV202501-0082
VE202500082;23/01/2025;VE;461413;TVA collectee 8%;;257,86;NA;C0018;FV202501-0082
AC202500042;24/01/2025;AC;606000;Achat de marchandises;7820,21;;A17;F0001;FA202501-0042
AC202500042;24/01/2025;AC;421611;TVA deductible 17%;1329,44;;NA;F0001;FA202501-0042
AC202500042;24/01/2025;AC;441100;MARQUES - Achat de marchandises;;9149,65;NA;F0001;FA202501-0042
VE202500094;24/01/2025;VE;401100;LECLERCQ S.A.S. - Prestation de services;1998,55;;NA;C0020;FV202501-0094
VE202500094;24/01/2025;VE;704000;Prestation de services;;1708,16;S17;C0020;FV202501-0094
VE202500094;24/01/2025;VE;461411;TVA collectee 17%;;290,39;NA;C0020;FV202501-0094
VE202500233;24/01/2025;VE;401100;LESAGE - Prestation de services;9669,36;;NA;C0024;FV202501-0233
VE202500233;24/01/2025;VE;704000;Prestation de services;;8264,41;S17;C0024;FV202501-0233
VE202500233;24/01/2025;VE;461411;TVA collectee 17%;;1404,95;NA;C0024;FV202501-0233
VE202500246;24/01/2025;VE;401100;DOS SANTOS BESNARD SA - Prestation de services;528,43;;NA;C0026;FV202501-0246
VE202500246;24/01/2025;VE;704000;Prestation de services;;451,65;S17;C0026;FV202501-0246
VE202500246;24/01/2025;VE;461411;TVA collectee 17%;;76,78;NA;C0026;FV202501-0246
OD202500001;25/01/2025;OD;621000;Salaires bruts 01/2025;21765,54;;NA;;PAIE-01
OD202500001;25/01/2025;OD;622000;Charges patronales 01/2025;2829,52;;NA;;PAIE-01
OD202500001;25/01/2025;OD;462000;Cotisations CCSS;;5550,21;NA;;PAIE-01
OD202500001;25/01/2025;OD;471000;Net a payer;;19044,85;NA;;PAIE-01
AC202500025;27/01/2025;AC;616100;Transport sur achats;1259,27;;A17;F0001;FA202501-0025
AC202500025;27/01/2025;AC;421611;TVA deductible 17%;214,08;;NA;F0001;FA202501-0025
AC202500025;27/01/2025;AC;441100;MARQUES - Transport sur achats;;1473,35;NA;F0001;FA202501-0025
AC202500166;27/01/2025;AC;606000;Achat de marchandises;13383,75;;A17;F0003;FA202501-0166
AC202500166;27/01/2025;AC;421611;TVA deductible 17%;2275,24;;NA;F0003;FA202501-0166
AC202500166;27/01/2025;AC;441100;THIBAULT BOUCHET SARL - Achat de marchandises;;15658,99;NA;F0003;FA202501-0166
BQ202500115;27/01/2025;BQ;511100;Encaissement FV202501-0132;4352,53;;NA;C0012;FV202501-0132
BQ202500115;27/01/2025;BQ;401100;CORDIER - reglement;;4352,53;NA;C0012;FV202501-0132
BQ202500325;27/01/2025;BQ;441100;BOUTIN SARL - reglement;2400,42;;NA;F0007;FA202501-0090
BQ202500325;27/01/2025;BQ;511100;Paiement FA202501-0090;;2400,42;NA;F0007;FA202501-0090
VE202500219;27/01/2025;VE;401100;JOLY S.A.R.L. - Prestation de services;4816,53;;NA;C0002;FV202501-0219
VE202500219;27/01/2025;VE;704000;Prestation de services;;4116,69;S17;C0002;FV202501-0219
VE202500219;27/01/2025;VE;461411;TVA collectee 17%;;699,84;NA;C0002;FV202501-0219
VE202500242;27/01/2025;VE;401100;AUGER - Vente de marchandises;4446,55;;NA;C0013;FV202501-0242
VE202500242;27/01/2025;VE;702000;Vente de marchandises;;3800,47;S17;C0013;FV202501-0242
VE202500242;27/01/2025;VE;461411;TVA collectee 17%;;646,08;NA;C0013;FV202501-0242
BQ202500444;28/01/2025;BQ;618000;Frais de tenue de compte;59,41;;NA;;BQ-FRAIS-01
BQ202500444;28/01/2025;BQ;511100;Frais bancaires;;59,41;NA;;BQ-FRAIS-01
BQ202500445;28/01/2025;BQ;192100;Remboursement emprunt - capital;1600,00;;NA;;EMP-01
BQ202500445;28/01/2025;BQ;655000;Interets de l'emprunt;248,00;;NA;;EMP-01
BQ202500445;28/01/2025;BQ;511100;Echeance emprunt;;1848,00;NA;;EMP-01
BQ202500468;28/01/2025;BQ;471000;Virement des salaires;19044,85;;NA;;PAIE-01
BQ202500468;28/01/2025;BQ;511100;Virement des salaires;;19044,85;NA;;PAIE-01
BQ202500469;28/01/2025;BQ;462000;Paiement CCSS;5550,21;;NA;;CCSS-01
BQ202500469;28/01/2025;BQ;511100;Paiement CCSS;;5550,21;NA;;CCSS-01
AC202500140;29/01/2025;AC;601000;Achat de matieres premieres;2232,50;;A17;F0014;FA202501-0140
AC202500140;29/01/2025;AC;421611;TVA deductible 17%;379,53;;NA;F0014;FA202501-0140
AC202500140;29/01/2025;AC;441100;BOUSQUET - Achat de matieres premieres;;2612,03;NA;F0014;FA202501-0140
AC202500187;29/01/2025;AC;607100;Fournitures de bureau;331,02;;A17;F0013;FA202501-0187
AC202500187;29/01/2025;AC;421611;TVA deductible 17%;56,27;;NA;F0013;FA202501-0187
AC202500187;29/01/2025;AC;441100;FERRAND - Fournitures de bureau;;387,29;NA;F0013;FA202501-0187
BQ202500173;29/01/2025;BQ;511100;Encaissement FV202501-0204;488,47;;NA;C0013;FV202501-0204
BQ202500173;29/01/2025;BQ;401100;AUGER - reglement;;488,47;NA;C0013;FV202501-0204
VE202500161;29/01/2025;VE;401100;AUGER - Prestation de services;4640,56;;NA;C0013;FV202501-0161
VE202500161;29/01/2025;VE;704000;Prestation de services;;3966,29;S17;C0013;FV202501-0161
VE202500161;29/01/2025;VE;461411;TVA collectee 17%;;674,27;NA;C0013;FV202501-0161
VE202500169;29/01/2025;VE;401100;ROUSSEL - Vente de marchandises - taux reduit;2169,22;;NA;C0001;FV202501-0169
VE202500169;29/01/2025;VE;702000;Vente de marchandises - taux reduit;;2008,54;S8;C0001;FV202501-0169
VE202500169;29/01/2025;VE;461413;TVA collectee 8%;;160,68;NA;C0001;FV202501-0169
VE202500123;30/01/2025;VE;401100;BOUVET - Prestation intracommunautaire;1699,21;;NA;C0018;FV202501-0123
VE202500123;30/01/2025;VE;704000;Prestation intracommunautaire;;1699,21;SIC;C0018;FV202501-0123
BQ202500066;31/01/2025;BQ;511100;Encaissement FV202501-0076;2950,26;;NA;C0010;FV202501-0076
BQ202500066;31/01/2025;BQ;401100;HENRY - reglement;;2950,26;NA;C0010;FV202501-0076
OD202500019;31/01/2025;OD;461411;Solde TVA collectee 01/2025;16827,61;;NA;;TVA-01
OD202500019;31/01/2025;OD;461414;Solde TVA collectee 01/2025;377,18;;NA;;TVA-01
OD202500019;31/01/2025;OD;461413;Solde TVA collectee 01/2025;893,62;;NA;;TVA-01
OD202500019;31/01/2025;OD;421611;Solde TVA deductible 01/2025;;9255,10;NA;;TVA-01
OD202500019;31/01/2025;OD;421613;Solde TVA deductible 01/2025;;186,40;NA;;TVA-01
OD202500019;31/01/2025;OD;461500;TVA due 01/2025;;8656,91;NA;;TVA-01
AC202500110;03/02/2025;AC;615000;Campagne de publicite;1808,48;;A17;F0015;FA202502-0110
AC202500110;03/02/2025;AC;421611;TVA deductible 17%;307,44;;NA;F0015;FA202502-0110
AC202500110;03/02/2025;AC;441100;LEGRAND BOURDON ET FILS - Campagne de publicite;;2115,92;NA;F0015;FA202502-0110
AC202500118;03/02/2025;AC;611000;Loyer du mois;3200,00;;A0;F0013;FA202502-0118
AC202500118;03/02/2025;AC;441100;FERRAND - Loyer du mois;;3200,00;NA;F0013;FA202502-0118
AC202500144;03/02/2025;AC;606000;Achat de marchandises - taux reduit;1576,04;;A8;F0016;FA202502-0144
AC202500144;03/02/2025;AC;421613;TVA deductible 8%;126,08;;NA;F0016;FA202502-0144
AC202500144;03/02/2025;AC;441100;LAPORTE MULLER SA - Achat de marchandises - taux reduit;;1702,12;NA;F0016;FA202502-0144
AC202500234;04/02/2025;AC;606000;Achat de marchandises;10580,72;;A17;F0010;FA202502-0234
AC202500234;04/02/2025;AC;421611;TVA deductible 17%;1798,72;;NA;F0010;FA202502-0234
AC202500234;04/02/2025;AC;441100;JACQUES S.A. - Achat de marchandises;;12379,44;NA;F0010;FA202502-0234
BQ202500099;04/02/2025;BQ;511100;Encaissement FV202501-0112;4791,30;;NA;C0001;FV202501-0112
BQ202500099;04/02/2025;BQ;401100;ROUSSEL - reglement;;4791,30;NA;C0001;FV202501-0112
BQ202500307;04/02/2025;BQ;441100;GUIBERT S.A. - reglement;377,50;;NA;F0011;FA202501-0069
BQ202500307;04/02/2025;BQ;511100;Paiement FA202501-0069;;377,50;NA;F0011;FA202501-0069
AC202500029;05/02/2025;AC;606000;Achat de marchandises;10007,65;;A17;F0021;FA202502-0029
AC202500029;05/02/2025;AC;421611;TVA deductible 17%;1701,30;;NA;F0021;FA202502-0029
AC202500029;05/02/2025;AC;441100;FOURNIER - Achat de marchandises;;11708,95;NA;F0021;FA202502-0029
AC202500050;05/02/2025;AC;606000;Achat de marchandises - taux reduit;1540,49;;A8;F0015;FA202502-0050
AC202500050;05/02/2025;AC;421613;TVA deductible 8%;123,24;;NA;F0015;FA202502-0050
AC202500050;05/02/2025;AC;441100;LEGRAND BOURDON ET FILS - Achat de marchandises - taux reduit;;1663,73;NA;F0015;FA202502-0050
BQ202500420;05/02/2025;BQ;441100;LEGRAND BOURDON ET FILS - reglement;2390,01;;NA;F0015;FA202501-0218
BQ202500420;05/02/2025;BQ;511100;Paiement FA202501-0218;;2390,01;NA;F0015;FA202501-0218
VE202500002;05/02/2025;VE;401100;ROUSSEL - Prestation de services;2709,11;;NA;C0001;FV202502-0002
VE202500002;05/02/2025;VE;704000;Prestation de services;;2315,48;S17;C0001;FV202502-0002
VE202500002;05/02/2025;VE;461411;TVA collectee 17%;;324,17;NA;C0001;FV202502-0002
AC202500038;06/02/2025;AC;606000;Achat de marchandises;13482,11;;A17;F0010;FA202502-0038
AC202500038;06/02/2025;AC;421611;TVA deductible 17%;2291,96;;NA;F0010;FA202502-0038
AC202500038;06/02/2025;AC;441100;JACQUES S.A. - Achat de marchandises;;15774,07;NA;F0010;FA202502-0038
BQ202500417;07/02/2025;BQ;441100;FOUCHER - reglement;4198,21;;NA;F0018;FA202501-0215
BQ202500417;07/02/2025;BQ;511100;Paiement FA202501-0215;;4198,21;NA;F0018;FA202501-0215
AC202500197;10/02/2025;AC;617000;Telecommunications;428,03;;A17;F0021;FA202502-0197
AC202500197;10/02/2025;AC;421611;TVA deductible 17%;72,77;;NA;F0021;FA202502-0197
AC202500197;10/02/2025;AC;441100;FOURNIER - Telecommunications;;500,80;NA;F0021;FA202502-0197
BQ202500362;10/02/2025;BQ;441100;ROY BOUVIER SARL - reglement;358,15;;NA;F0005;FA202501-0138
BQ202500362;10/02/2025;BQ;511100;Paiement FA202501-0138;;358,15;NA;F0005;FA202501-0138
VE202500255;10/02/2025;VE;401100;COLLET - Vente de produits finis;3460,68;;NA;C0023;FV202502-0255
VE202500255;10/02/2025;VE;705000;Vente de produits finis;;2957,85;S17;C0023;FV202502-0255
VE202500255;10/02/2025;VE;461411;TVA collectee 17%;;502,83;NA;C0023;FV202502-0255
AC202500096;11/02/2025;AC;617000;Telecommunications;998,63;;A17;F0001;FA202502-0096
AC202500096;11/02/2025;AC;421611;TVA deductible 17%;169,77;;NA;F0001;FA202502-0096
AC202500096;11/02/2025;AC;441100;MARQUES - Telecommunications;;1168,40;NA;F0001;FA202502-0096
AC202500134;11/02/2025;AC;606000;Achat de marchandises;8658,35;;A17;F0020;FA202502-0134
AC202500134;11/02/2025;AC;421611;TVA deductible 17%;1471,92;;NA;F0020;FA202502-0134
AC202500134;11/02/2025;AC;441100;GRONDIN - Achat de marchandises;;10130,27;NA;F0020;FA202502-0134
VE202500018;11/02/2025;VE;401100;CORDIER - Vente de produits finis;1394,79;;NA;C0012;FV202502-0018
VE202500018;11/02/2025;VE;705000;Vente de produits finis;;1192,13;S17;C0012;FV202502-0018
VE202500018;11/02/2025;VE;461411;TVA collectee 17%;;202,66;NA;C0012;FV202502-0018
VE202500091;11/02/2025;VE;401100;LECLERCQ S.A.S. - Prestation de services;566,37;;NA;C0020;FV202502-0091
VE202500091;11/02/2025;VE;704000;Prestation de services;;484,08;S17;C0020;FV202502-0091
VE202500091;11/02/2025;VE;461411;TVA collectee 17%;;82,29;NA;C0020;FV202502-0091
AC202500017;12/02/2025;AC;606000;Achat de marchandises;8459,40;;A17;F0007;FA202502-0017
AC202500017;12/02/2025;AC;421611;TVA deductible 17%;1438,10;;NA;F0007;FA202502-0017
AC202500017;12/02/2025;AC;441100;BOUTIN SARL - Achat de marchandises;;9897,50;NA;F0007;FA202502-0017
BQ202500190;12/02/2025;BQ;511100;Encaissement FV202501-0225;1393,15;;NA;C0003;FV202501-0225
BQ202500190;12/02/2025;BQ;401100;FAIVRE LELEU ET FILS - reglement;;1393,15;NA;C0003;FV202501-0225
VE202500047;12/02/2025;VE;401100;ROUSSEL - Prestation de services;638,90;;NA;C0001;FV202502-0047
VE202500047;12/02/2025;VE;704000;Prestation de services;;546,07;S17;C0001;FV202502-0047
VE202500047;12/02/2025;VE;461411;TVA collectee 17%;;92,83;NA;C0001;FV202502-0047
VE202500055;12/02/2025;VE;401100;FAIVRE LELEU ET FILS - Vente de marchandises;2314,12;;NA;C0003;FV202502-0055
VE202500055;12/02/2025;VE;702000;Vente de marchandises;;1977,88;S17;C0003;FV202502-0055
VE202500055;12/02/2025;VE;461411;TVA collectee 17%;;336,24;NA;C0003;FV202502-0055
VE202500291;13/02/2025;VE;401100;JACQUET SARL - Prestation de services;3101,97;;NA;C0009;FV202502-0291
VE202500291;13/02/2025;VE;704000;Prestation de services;;2651,26;S17;C0009;FV202502-0291
VE202500291;13/02/2025;VE;461411;TVA collectee 17%;;450,71;NA;C0009;FV202502-0291
VE202500048;14/02/2025;VE;401100;FONTAINE LE ROUX SARL - Prestation de services;17897,63;;NA;C0006;FV202502-0048
VE202500048;14/02/2025;VE;704000;Prestation de services;;15297,12;S17;C0006;FV202502-0048
VE202500048;14/02/2025;VE;461411;TVA collectee 17%;;2600,51;NA;C0006;FV202502-0048
BQ202500147;15/02/2025;BQ;511100;Encaissement FV202501-0169;2169,22;;NA;C0001;FV202501-0169
BQ202500147;15/02/2025;BQ;401100;ROUSSEL - reglement;;2169,22;NA;C0001;FV202501-0169
BQ202500346;15/02/2025;BQ;441100;FERRAND - reglement;3200,00;;NA;F0013;FA202502-0118
BQ202500346;15/02/2025;BQ;511100;Paiement FA202502-0118;;3200,00;NA;F0013;FA202502-0118
BQ202500300;16/02/2025;BQ;441100;LAPORTE MULLER SA - reglement;614,59;;NA;F0016;FA202501-0062
BQ202500300;16/02/2025;BQ;511100;Paiement FA202501-0062;;614,59;NA;F0016;FA202501-0062
AC202500028;17/02/2025;AC;606000;Achat de marchandises;13805,47;;A17;F0013;FA202502-0028
AC202500028;17/02/2025;AC;421611;TVA deductible 17%;2346,93;;NA;F0013;FA202502-0028
AC202500028;17/02/2025;AC;441100;FERRAND - Achat de marchandises;;16152,40;NA;F0013;FA202502-0028
AC202500190;17/02/2025;AC;614;Campagne de publicite;4270,84;;A17;F0018;FA202502-0190
AC202500190;17/02/2025;AC;421611;TVA deductible 17%;726,04;;NA;F0018;FA202502-0190
AC202500190;17/02/2025;AC;441100;FOUCHER - Campagne de publicite;;4996,88;NA;F0018;FA202502-0190
VE202500180;17/02/2025;VE;401100;ADAM VERDIER ET FILS - Vente de marchandises - taux reduit;12986,51;;NA;C0016;FV202502-0180
VE202500180;17/02/2025;VE;702000;Vente de marchandises - taux reduit;;12024,55;S8;C0016;FV202502-0180
VE202500180;17/02/2025;VE;461413;TVA collectee 8%;;961,96;NA;C0016;FV202502-0180
VE202500188;17/02/2025;VE;401100;CORDIER - Prestation de services;5340,01;;NA;C0012;FV202502-0188
VE202500188;17/02/2025;VE;704000;Prestation de services;;4564,11;S17;C0012;FV202502-0188
VE202500188;17/02/2025;VE;461411;TVA collectee 17%;;775,90;NA;C0012;FV202502-0188
AC202500183;18/02/2025;AC;617000;Telecommunications;833,97;;A17;F0002;FA202502-0183
AC202500183;18/02/2025;AC;421611;TVA deductible 17%;141,77;;NA;F0002;FA202502-0183
AC202500183;18/02/2025;AC;441100;ALVES - Telecommunications;;975,74;NA;F0002;FA202502-0183
AC202500209;18/02/2025;AC;606000;Achat de marchandises;2733,16;;A17;F0019;FA202502-0209
AC202500209;18/02/2025;AC;421611;TVA deductible 17%;464,64;;NA;F0019;FA202502-0209
AC202500209;18/02/2025;AC;441100;LACOMBE GUIBERT S.A. - Achat de marchandises;;3197,80;NA;F0019;FA202502-0209
AC202500170;19/02/2025;AC;607200;Electricite et gaz;1048,46;;A8;F0021;FA202502-0170
AC202500170;19/02/2025;AC;421613;TVA deductible 8%;83,88;;NA;F0021;FA202502-0170
AC202500170;19/02/2025;AC;441100;FOURNIER - Electricite et gaz;;1132,34;NA;F0021;FA202502-0170
BQ202500072;19/02/2025;BQ;511100;Encaissement FV202501-0082;3481,08;;NA;C0018;FV202501-0082
BQ202500072;19/02/2025;BQ;401100;BOUVET - reglement;;3481,08;NA;C0018;FV202501-0082
BQ202500353;19/02/2025;BQ;441100;JACQUES S.A. - reglement;11518,04;;NA;F0010;FA202501-0127
BQ202500353;19/02/2025;BQ;511100;Paiement FA202501-0127;;11518,04;NA;F0010;FA202501-0127
AC202500132;20/02/2025;AC;606000;Achat de marchandises;10650,64;;A17;F0015;FA202502-0132
AC202500132;20/02/2025;AC;421611;TVA deductible 17%;1810,61;;NA;F0015;FA202502-0132
AC202500132;20/02/2025;AC;441100;LEGRAND BOURDON ET FILS - Achat de marchandises;;12461,25;NA;F0015;FA202502-0132
AC202500193;20/02/2025;AC;606000;Achat de marchandises;10154,02;;A17;F0009;FA202502-0193
AC202500193;20/02/2025;AC;421611;TVA deductible 17%;1726,18;;NA;F0009;FA202502-0193
AC202500193;20/02/2025;AC;441100;ROCHE SARL - Achat de marchandises;;11880,20;NA;F0009;FA202502-0193
VE202500051;20/02/2025;VE;401100;REY - Vente de marchandises - taux reduit;12964,36;;NA;C0025;FV202502-0051
VE202500051;20/02/2025;VE;702000;Vente de marchandises - taux reduit;;12004,04;S8;C0025;FV202502-0051
VE202500051;20/02/2025;VE;461413;TVA collectee 8%;;960,32;NA;C0025;FV202502-0051
VE202500102;20/02/2025;VE;401100;CHEVALIER SARL - Prestation de services;931,72;;NA;C0011;FV202502-0102
VE202500102;20/02/2025;VE;704000;Prestation de services;;796,34;S17;C0011;FV202502-0102
VE202500102;20/02/2025;VE;461411;TVA collectee 17%;;135,38;NA;C0011;FV202502-0102
VE202500281;20/02/2025;VE;401100;BOUTIN DUMAS ET FILS - Prestation de services;4757,91;;NA;C0008;FV202502-0281
VE202500281;20/02/2025;VE;704000;Prestation de services;;4066,59;S17;C0008;FV202502-0281
VE202500281;20/02/2025;VE;461411;TVA collectee 17%;;691,32;NA;C0008;FV202502-0281
BQ202500107;22/02/2025;BQ;511100;Encaissement FV202501-0123;1699,21;;NA;C0018;FV202501-0123
BQ202500107;22/02/2025;BQ;401100;BOUVET - reglement;;1699,21;NA;C0018;FV202501-0123
BQ202500276;22/02/2025;BQ;441100;ALVES - reglement;7708,59;;NA;F0002;FA202501-0033
BQ202500276;22/02/2025;BQ;511100;Paiement FA202501-0033;;7708,59;NA;F0002;FA202501-0033
BQ202500218;23/02/2025;BQ;511100;Encaissement FV202501-0266;2002,48;;NA;C0003;FV202501-0266
BQ202500218;23/02/2025;BQ;401100;FAIVRE LELEU ET FILS - reglement;;2002,48;NA;C0003;FV202501-0266
BQ202500339;23/02/2025;BQ;441100;LEGRAND BOURDON ET FILS - reglement;2115,92;;NA;F0015;FA202502-0110
BQ202500339;23/02/2025;BQ;511100;Paiement FA202502-0110;;2115,92;NA;F0015;FA202502-0110
AC202500087;24/02/2025;AC;614300;Abonnements logiciels;157,75;;A17;F0019;FA202502-0087
AC202500087;24/02/2025;AC;421611;TVA deductible 17%;26,82;;NA;F0019;FA202502-0087
AC202500087;24/02/2025;AC;441100;LACOMBE GUIBERT S.A. - Abonnements logiciels;;184,57;NA;F0019;FA202502-0087
AC202500243;24/02/2025;AC;606000;Achat de marchandises;3894,75;;A17;F0022;FA202502-0243
AC202500243;24/02/2025;AC;421611;TVA deductible 17%;662,11;;NA;F0022;FA202502-0243
AC202500243;24/02/2025;AC;441100;PHILIPPE - Achat de marchandises;;4556,86;NA;F0022;FA202502-0243
AC202500023;25/02/2025;AC;614200;Honoraires juridiques;4109,72;;A17;F0020;FA202502-0023
AC202500023;25/02/2025;AC;421611;TVA deductible 17%;698,65;;NA;F0020;FA202502-0023
AC202500023;25/02/2025;AC;441100;GRONDIN - Honoraires juridiques;;4808,37;NA;F0020;FA202502-0023
AC202500219;25/02/2025;AC;606000;Achat de marchandises;9482,62;;A17;F0002;FA202502-0219
AC202500219;25/02/2025;AC;421611;TVA deductible 17%;1612,05;;NA;F0002;FA202502-0219
AC202500219;25/02/2025;AC;441100;ALVES - Achat de marchandises;;11094,67;NA;F0002;FA202502-0219
OD202500002;25/02/2025;OD;621000;Salaires bruts 02/2025;22929,95;;NA;;PAIE-02
OD202500002;25/02/2025;OD;622000;Charges patronales 02/2025;2980,89;;NA;;PAIE-02
OD202500002;25/02/2025;OD;462000;Cotisations CCSS;;5847,13;NA;;PAIE-02
OD202500002;25/02/2025;OD;471000;Net a payer;;20063,71;NA;;PAIE-02
AC202500240;26/02/2025;AC;614200;Honoraires juridiques;3048,58;;A17;F0020;FA202502-0240
AC202500240;26/02/2025;AC;421611;TVA deductible 17%;518,26;;NA;F0020;FA202502-0240
AC202500240;26/02/2025;AC;441100;GRONDIN - Honoraires juridiques;;3566,84;NA;F0020;FA202502-0240
BQ202500040;26/02/2025;BQ;511100;Encaissement FV202502-0048;17897,63;;NA;C0006;FV202502-0048
BQ202500040;26/02/2025;BQ;401100;FONTAINE LE ROUX SARL - reglement;;17897,63;NA;C0006;FV202502-0048
VE202500066;26/02/2025;VE;401100;JACQUOT ET FILS - Vente de biens - taux super-reduit;3776,34;;NA;C0027;FV202502-0066
VE202500066;26/02/2025;VE;702000;Vente de biens - taux super-reduit;;3666,35;S3;C0027;FV202502-0066
VE202500066;26/02/2025;VE;461414;TVA collectee 3%;;109,99;NA;C0027;FV202502-0066
VE202500136;26/02/2025;VE;401100;JACQUET SARL - Vente de marchandises;1300,62;;NA;C0009;FV202502-0136
VE202500136;26/02/2025;VE;702000;Vente de marchandises;;1111,64;S17;C0009;FV202502-0136
VE202500136;26/02/2025;VE;461411;TVA collectee 17%;;188,98;NA;C0009;FV202502-0136
VE202500286;26/02/2025;VE;401100;PARENT - Exportation hors UE;2065,36;;NA;C0028;FV202502-0286
VE202500286;26/02/2025;VE;702000;Exportation hors UE;;2065,36;SEX;C0028;FV202502-0286
AC202500095;27/02/2025;AC;606000;Achat de marchandises;5341,98;;A17;F0016;FA202502-0095
AC202500095;27/02/2025;AC;421611;TVA deductible 17%;908,14;;NA;F0016;FA202502-0095
AC202500095;27/02/2025;AC;441100;LAPORTE MULLER SA - Achat de marchandises;;6250,12;NA;F0016;FA202502-0095
BQ202500068;27/02/2025;BQ;511100;Encaissement FV202501-0078;2087,07;;NA;C0012;FV202501-0078
BQ202500068;27/02/2025;BQ;401100;CORDIER - reglement;;2087,07;NA;C0012;FV202501-0078
AC202500174;28/02/2025;AC;607300;Carburant;213,54;;A17;F0021;FA202502-0174
AC202500174;28/02/2025;AC;421611;TVA deductible 17%;36,30;;NA;F0021;FA202502-0174
AC202500174;28/02/2025;AC;441100;FOURNIER - Carburant;;249,84;NA;F0021;FA202502-0174
BQ202500032;28/02/2025;BQ;511100;Encaissement FV202501-0039;368,17;;NA;C0028;FV202501-0039
BQ202500032;28/02/2025;BQ;401100;PARENT - reglement;;368,17;NA;C0028;FV202501-0039
BQ202500221;28/02/2025;BQ;511100;Encaissement FV202501-0270;2996,99;;NA;C0009;FV202501-0270
BQ202500221;28/02/2025;BQ;401100;JACQUET SARL - reglement;;2996,99;NA;C0009;FV202501-0270
BQ202500446;28/02/2025;BQ;618000;Frais de tenue de compte;40,87;;NA;;BQ-FRAIS-02
BQ202500446;28/02/2025;BQ;511100;Frais bancaires;;40,87;NA;;BQ-FRAIS-02
BQ202500447;28/02/2025;BQ;192100;Remboursement emprunt - capital;1600,00;;NA;;EMP-02
BQ202500447;28/02/2025;BQ;655000;Interets de l'emprunt;243,87;;NA;;EMP-02
BQ202500447;28/02/2025;BQ;511100;Echeance emprunt;;1843,87;NA;;EMP-02
BQ202500470;28/02/2025;BQ;471000;Virement des salaires;20063,71;;NA;;PAIE-02
BQ202500470;28/02/2025;BQ;511100;Virement des salaires;;20063,71;NA;;PAIE-02
BQ202500471;28/02/2025;BQ;462000;Paiement CCSS;5847,13;;NA;;CCSS-02
BQ202500471;28/02/2025;BQ;511100;Paiement CCSS;;5847,13;NA;;CCSS-02
OD202500020;28/02/2025;OD;461411;Solde TVA collectee 02/2025;6453,28;;NA;;TVA-02
OD202500020;28/02/2025;OD;461413;Solde TVA collectee 02/2025;1922,28;;NA;;TVA-02
OD202500020;28/02/2025;OD;461414;Solde TVA collectee 02/2025;109,99;;NA;;TVA-02
OD202500020;28/02/2025;OD;421611;Solde TVA deductible 02/2025;;20930,48;NA;;TVA-02
OD202500020;28/02/2025;OD;421613;Solde TVA deductible 02/2025;;333,20;NA;;TVA-02
OD202500020;28/02/2025;OD;421617;Credit de TVA 02/2025;12778,13;;NA;;TVA-02
BQ202500021;01/03/2025;BQ;511100;Encaissement FV202501-0026;4854,42;;NA;C0022;FV202501-0026
BQ202500021;01/03/2025;BQ;401100;BRUNEAU S.A.S. - reglement;;4854,42;NA;C0022;FV202501-0026
BQ202500402;01/03/2025;BQ;441100;FOUCHER - reglement;4996,88;;NA;F0018;FA202502-0190
BQ202500402;01/03/2025;BQ;511100;Paiement FA202502-0190;;4996,88;NA;F0018;FA202502-0190
AC202500194;03/03/2025;AC;617000;Telecommunications;1008,17;;A17;F0016;FA202503-0194
AC202500194;03/03/2025;AC;421611;TVA deductible 17%;171,39;;NA;F0016;FA202503-0194
AC202500194;03/03/2025;AC;441100;LAPORTE MULLER SA - Telecommunications;;1179,56;NA;F0016;FA202503-0194
VE202500007;03/03/2025;VE;401100;BARTHELEMY S.A.S. - Prestation de services;4162,39;;NA;C0005;FV202503-0007
VE202500007;03/03/2025;VE;704000;Prestation de services;;3557,60;S17;C0005;FV202503-0007
VE202500007;03/03/2025;VE;461411;TVA collectee 17%;;498,06;NA;C0005;FV202503-0007
VE202500185;03/03/2025;VE;401100;LOUIS PAYET S.A. - Vente de marchandises;4422,39;;NA;C0019;FV202503-0185
VE202500185;03/03/2025;VE;702000;Vente de marchandises;;3779,82;S17;C0019;FV202503-0185
VE202500185;03/03/2025;VE;461411;TVA collectee 17%;;642,57;NA;C0019;FV202503-0185
VE202500289;03/03/2025;VE;401100;LOUIS PAYET S.A. - Vente de marchandises;11100,69;;NA;C0019;FV202503-0289
VE202500289;03/03/2025;VE;702000;Vente de marchandises;;9487,77;S17;C0019;FV202503-0289
VE202500289;03/03/2025;VE;461411;TVA collectee 17%;;1612,92;NA;C0019;FV202503-0289
BQ202500141;04/03/2025;BQ;511100;Encaissement FV202501-0162;4095,94;;NA;C0026;FV202501-0162
BQ202500141;04/03/2025;BQ;401100;DOS SANTOS BESNARD SA - reglement;;4095,94;NA;C0026;FV202501-0162
BQ202500272;04/03/2025;BQ;441100;FOURNIER - reglement;11708,95;;NA;F0021;FA202502-0029
BQ202500272;04/03/2025;BQ;511100;Paiement FA202502-0029;;11708,95;NA;F0021;FA202502-0029
AC202500054;05/03/2025;AC;607100;Fournitures de bureau;218,62;;A17;F0013;FA202503-0054
AC202500054;05/03/2025;AC;421611;TVA deductible 17%;37,17;;NA;F0013;FA202503-0054
AC202500054;05/03/2025;AC;441100;FERRAND - Fournitures de bureau;;255,79;NA;F0013;FA202503-0054
AC202500206;05/03/2025;AC;606000;Achat de marchandises;1988,24;;A17;F0010;FA202503-0206
AC202500206;05/03/2025;AC;421611;TVA deductible 17%;338,00;;NA;F0010;FA202503-0206
AC202500206;05/03/2025;AC;441100;JACQUES S.A. - Achat de marchandises;;2326,24;NA;F0010;FA202503-0206
AC202500245;05/03/2025;AC;606000;Achat de marchandises - taux reduit;5754,03;;A8;F0022;FA202503-0245
AC202500245;05/03/2025;AC;421613;TVA deductible 8%;460,32;;NA;F0022;FA202503-0245
AC202500245;05/03/2025;AC;441100;PHILIPPE - Achat de marchandises - taux reduit;;6214,35;NA;F0022;FA202503-0245
BQ202500007;05/03/2025;BQ;511100;Encaissement FV202501-0009;17240,75;;NA;C0003;FV202501-0009
BQ202500007;05/03/2025;BQ;401100;FAIVRE LELEU ET FILS - reglement;;17240,75;NA;C0003;FV202501-0009
BQ202500358;05/03/2025;BQ;441100;LEGRAND BOURDON ET FILS - reglement;12461,25;;NA;F0015;FA202502-0132
BQ202500358;05/03/2025;BQ;511100;Paiement FA202502-0132;;12461,25;NA;F0015;FA202502-0132
VE202500010;05/03/2025;VE;401100;BOUTIN DUMAS ET FILS - Vente de marchandises - taux reduit;17261,12;;NA;C0008;FV202503-0010
VE202500010;05/03/2025;VE;702000;Vente de marchandises - taux reduit;;15982,52;S8;C0008;FV202503-0010
VE202500010;05/03/2025;VE;461413;TVA collectee 8%;;1278,60;NA;C0008;FV202503-0010
VE202500014;05/03/2025;VE;401100;FISCHER - Prestation de services;1456,14;;NA;C0021;FV202503-0014
VE202500014;05/03/2025;VE;704000;Prestation de services;;1244,56;S17;C0021;FV202503-0014
VE202500014;05/03/2025;VE;461411;TVA collectee 17%;;211,58;NA;C0021;FV202503-0014
VE202500077;05/03/2025;VE;401100;BOUVET - Vente de marchandises;1096,00;;NA;C0018;FV202503-0077
VE202500077;05/03/2025;VE;702000;Vente de marchandises;;936,75;S17;C0018;FV202503-0077
VE202500077;05/03/2025;VE;461411;TVA collectee 17%;;159,25;NA;C0018;FV202503-0077
VE202500292;05/03/2025;VE;401100;FONTAINE LE ROUX SARL - Prestation intracommunautaire;3267,70;;NA;C0006;FV202503-0292
VE202500292;05/03/2025;VE;704000;Prestation intracommunautaire;;3267,70;SIC;C0006;FV202503-0292
VE202500221;06/03/2025;VE;401100;ADAM VERDIER ET FILS - Prestation de services;3751,66;;NA;C0016;FV202503-0221
VE202500221;06/03/2025;VE;704000;Prestation de services;;3206,55;S17;C0016;FV202503-0221
VE202500221;06/03/2025;VE;461411;TVA collectee 17%;;545,11;NA;C0016;FV202503-0221
AC202500182;07/03/2025;AC;606000;Achat de marchandises;4022,36;;A17;F0017;FA202503-0182
AC202500182;07/03/2025;AC;421611;TVA deductible 17%;683,80;;NA;F0017;FA202503-0182
AC202500182;07/03/2025;AC;441100;CHAUVEAU S.A. - Achat de marchandises;;4706,16;NA;F0017;FA202503-0182
BQ202500186;08/03/2025;BQ;511100;Encaissement FV202501-0220;19410,70;;NA;C0019;FV202501-0220
BQ202500186;08/03/2025;BQ;401100;LOUIS PAYET S.A. - reglement;;19410,70;NA;C0019;FV202501-0220
AC202500123;10/03/2025;AC;607300;Carburant;376,53;;A17;F0012;FA202503-0123
AC202500123;10/03/2025;AC;421611;TVA deductible 17%;64,01;;NA;F0012;FA202503-0123
AC202500123;10/03/2025;AC;441100;GRÉGOIRE - Carburant;;440,54;NA;F0012;FA202503-0123
BQ202500014;10/03/2025;BQ;511100;Encaissement FV202502-0018;1394,79;;NA;C0012;FV202502-0018
BQ202500014;10/03/2025;BQ;401100;CORDIER - reglement;;1394,79;NA;C0012;FV202502-0018
BQ202500172;10/03/2025;BQ;511100;Encaissement FV202501-0202;5369,84;;NA;C0021;FV202501-0202
BQ202500172;10/03/2025;BQ;401100;FISCHER - reglement;;5369,84;NA;C0021;FV202501-0202
BQ202500208;10/03/2025;BQ;511100;Encaissement FV202502-0255;3460,68;;NA;C0023;FV202502-0255
BQ202500208;10/03/2025;BQ;401100;COLLET - reglement;;3460,68;NA;C0023;FV202502-0255
VE202500023;10/03/2025;VE;401100;BARTHELEMY S.A.S. - Prestation de services;9195,57;;NA;C0005;FV202503-0023
VE202500023;10/03/2025;VE;704000;Prestation de services;;7859,46;S17;C0005;FV202503-0023
VE202500023;10/03/2025;VE;461411;TVA collectee 17%;;1336,11;NA;C0005;FV202503-0023
AC202500124;11/03/2025;AC;614300;Abonnements logiciels;1443,08;;A17;F0016;FA202503-0124
AC202500124;11/03/2025;AC;421611;TVA deductible 17%;245,32;;NA;F0016;FA202503-0124
AC202500124;11/03/2025;AC;441100;LAPORTE MULLER SA - Abonnements logiciels;;1688,40;NA;F0016;FA202503-0124
AC202500151;11/03/2025;AC;607200;Electricite et gaz;1536,44;;A8;F0018;FA202503-0151
AC202500151;11/03/2025;AC;421613;TVA deductible 8%;122,92;;NA;F0018;FA202503-0151
AC202500151;11/03/2025;AC;441100;FOUCHER - Electricite et gaz;;1659,36;NA;F0018;FA202503-0151
AC202500195;11/03/2025;AC;606000;Achat de marchandises - taux reduit;5204,02;;A8;F0015;FA202503-0195
AC202500195;11/03/2025;AC;421613;TVA deductible 8%;416,32;;NA;F0015;FA202503-0195
AC202500195;11/03/2025;AC;441100;LEGRAND BOURDON ET FILS - Achat de marchandises - taux reduit;;5620,34;NA;F0015;FA202503-0195
AC202500237;11/03/2025;AC;606000;Acquisition intracommunautaire;3862,42;;AIC;F0022;FA202503-0237
AC202500237;11/03/2025;AC;421611;TVA deductible sur acquisition intracommunautaire;656,61;;NA;F0022;FA202503-0237
AC202500237;11/03/2025;AC;461411;TVA due sur acquisition intracommunautaire;;656,61;NA;F0022;FA202503-0237
AC202500237;11/03/2025;AC;441100;PHILIPPE - Acquisition intracommunautaire;;3862,42;NA;F0022;FA202503-0237
BQ202500431;11/03/2025;BQ;441100;JACQUES S.A. - reglement;12379,44;;NA;F0010;FA202502-0234
BQ202500431;11/03/2025;BQ;511100;Paiement FA202502-0234;;12379,44;NA;F0010;FA202502-0234
VE202500284;11/03/2025;VE;401100;ROUSSEL - Exportation hors UE;1112,00;;NA;C0001;FV202503-0284
VE202500284;11/03/2025;VE;702000;Exportation hors UE;;1112,00;SEX;C0001;FV202503-0284
AC202500039;12/03/2025;AC;606000;Achat de marchandises;7756,89;;A17;F0005;FA202503-0039
AC202500039;12/03/2025;AC;421611;TVA deductible 17%;1318,67;;NA;F0005;FA202503-0039
AC202500039;12/03/2025;AC;441100;ROY BOUVIER SARL - Achat de marchandises;;9075,56;NA;F0005;FA202503-0039
BQ202500365;12/03/2025;BQ;441100;LAPORTE MULLER SA - reglement;1702,12;;NA;F0016;FA202502-0144
BQ202500365;12/03/2025;BQ;511100;Paiement FA202502-0144;;1702,12;NA;F0016;FA202502-0144
VE202500168;12/03/2025;VE;401100;FISCHER - Vente de marchandises;2119,47;;NA;C0021;FV202503-0168
VE202500168;12/03/2025;VE;702000;Vente de marchandises;;1811,51;S17;C0021;FV202503-0168
VE202500168;12/03/2025;VE;461411;TVA collectee 17%;;307,96;NA;C0021;FV202503-0168
VE202500159;13/03/2025;VE;401100;BOUTIN DUMAS ET FILS - Prestation de services;2068,01;;NA;C0008;FV202503-0159
VE202500159;13/03/2025;VE;704000;Prestation de services;;1767,53;S17;C0008;FV202503-0159
VE202500159;13/03/2025;VE;461411;TVA collectee 17%;;300,48;NA;C0008;FV202503-0159
AC202500181;14/03/2025;AC;606000;Achat de marchandises;10320,39;;A17;F0007;FA202503-0181
AC202500181;14/03/2025;AC;421611;TVA deductible 17%;1754,47;;NA;F0007;FA202503-0181
AC202500181;14/03/2025;AC;441100;BOUTIN SARL - Achat de marchandises;;12074,86;NA;F0007;FA202503-0181
BQ202500139;15/03/2025;BQ;511100;Encaissement FV202501-0160;16458,19;;NA;C0009;FV202501-0160
BQ202500139;15/03/2025;BQ;401100;JACQUET SARL - reglement;;16458,19;NA;C0009;FV202501-0160
BQ202500280;15/03/2025;BQ;441100;JACQUES S.A. - reglement;15774,07;;NA;F0010;FA202502-0038
BQ202500280;15/03/2025;BQ;511100;Paiement FA202502-0038;;15774,07;NA;F0010;FA202502-0038
BQ202500081;16/03/2025;BQ;511100;Encaissement FV202502-0091;566,37;;NA;C0020;FV202502-0091
BQ202500081;16/03/2025;BQ;401100;LECLERCQ S.A.S. - reglement;;566,37;NA;C0020;FV202502-0091
BQ202500263;17/03/2025;BQ;441100;LEGRAND BOURDON ET FILS - reglement;3286,38;;NA;F0015;FA202501-0020
BQ202500263;17/03/2025;BQ;511100;Paiement FA202501-0020;;3286,38;NA;F0015;FA202501-0020
BQ202500329;17/03/2025;BQ;441100;LAPORTE MULLER SA - reglement;6250,12;;NA;F0016;FA202502-0095
BQ202500329;17/03/2025;BQ;511100;Paiement FA202502-0095;;6250,12;NA;F0016;FA202502-0095
BQ202500407;17/03/2025;BQ;441100;FOURNIER - reglement;500,80;;NA;F0021;FA202502-0197
BQ202500407;17/03/2025;BQ;511100;Paiement FA202502-0197;;500,80;NA;F0021;FA202502-0197
VE202500119;17/03/2025;VE;401100;PARENT - Prestation de services;7182,67;;NA;C0028;FV202503-0119
VE202500119;17/03/2025;VE;704000;Prestation de services;;6139,03;S17;C0028;FV202503-0119
VE202500119;17/03/2025;VE;461411;TVA collectee 17%;;1043,64;NA;C0028;FV202503-0119
VE202500211;17/03/2025;VE;401100;BOUTIN DUMAS ET FILS - Vente de marchandises;2805,04;;NA;C0008;FV202503-0211
VE202500211;17/03/2025;VE;702000;Vente de marchandises;;2397,47;S17;C0008;FV202503-0211
VE202500211;17/03/2025;VE;461411;TVA collectee 17%;;407,57;NA;C0008;FV202503-0211
VE202500229;17/03/2025;VE;401100;BONNEAU - Vente de produits finis;953,41;;NA;C0007;FV202503-0229
VE202500229;17/03/2025;VE;705000;Vente de produits finis;;814,88;S17;C0007;FV202503-0229
VE202500229;17/03/2025;VE;461411;TVA collectee 17%;;138,53;NA;C0007;FV202503-0229
AC202500222;19/03/2025;AC;611500;Charges locatives;187,76;;A17;F0011;FA202503-0222
AC202500222;19/03/2025;AC;421611;TVA deductible 17%;31,92;;NA;F0011;FA202503-0222
AC202500222;19/03/2025;AC;441100;GUIBERT S.A. - Charges locatives;;219,68;NA;F0011;FA202503-0222
BQ202500360;19/03/2025;BQ;441100;GRONDIN - reglement;10130,27;;NA;F0020;FA202502-0134
BQ202500360;19/03/2025;BQ;511100;Paiement FA202502-0134;;10130,27;NA;F0020;FA202502-0134
VE202500097;19/03/2025;VE;401100;DOS SANTOS BESNARD SA - Prestation de services;6010,24;;NA;C0026;FV202503-0097
VE202500097;19/03/2025;VE;704000;Prestation de services;;5136,96;S17;C0026;FV202503-0097
VE202500097;19/03/2025;VE;461411;TVA collectee 17%;;873,28;NA;C0026;FV202503-0097
AC202500036;20/03/2025;AC;613000;Prime d'assurance;2494,24;;A0;F0005;FA202503-0036
AC202500036;20/03/2025;AC;441100;ROY BOUVIER SARL - Prime d'assurance;;2494,24;NA;F0005;FA202503-0036
VE202500200;20/03/2025;VE;401100;DOS SANTOS BESNARD SA - Prestation de services;1765,28;;NA;C0026;FV202503-0200
VE202500200;20/03/2025;VE;704000;Prestation de services;;1508,79;S17;C0026;FV202503-0200
VE202500200;20/03/2025;VE;461411;TVA collectee 17%;;256,49;NA;C0026;FV202503-0200
VE202500200;20/03/2025;VE;401100;DOS SANTOS BESNARD SA - Prestation de services;1765,28;;NA;C0026;FV202503-0200
VE202500200;20/03/2025;VE;704000;Prestation de services;;1508,79;S17;C0026;FV202503-0200
VE202500200;20/03/2025;VE;461411;TVA collectee 17%;;256,49;NA;C0026;FV202503-0200
AC202500048;21/03/2025;AC;606000;Achat de marchandises;2318,59;;A17;F0004;FA202503-0048
AC202500048;21/03/2025;AC;421611;TVA deductible 17%;394,16;;NA;F0004;FA202503-0048
AC202500048;21/03/2025;AC;441100;BOURDON S.A.R.L. - Achat de marchandises;;2712,75;NA;F0004;FA202503-0048
BQ202500047;21/03/2025;BQ;511100;Encaissement FV202502-0055;2314,12;;NA;C0003;FV202502-0055
BQ202500047;21/03/2025;BQ;401100;FAIVRE LELEU ET FILS - reglement;;2314,12;NA;C0003;FV202502-0055
BQ202500271;22/03/2025;BQ;441100;FERRAND - reglement;16152,40;;NA;F0013;FA202502-0028
BQ202500271;22/03/2025;BQ;511100;Paiement FA202502-0028;;16152,40;NA;F0013;FA202502-0028
BQ202500295;22/03/2025;BQ;441100;GILLES CLERC SARL - reglement;217,16;;NA;F0006;FA202501-0057
BQ202500295;22/03/2025;BQ;511100;Paiement FA202501-0057;;217,16;NA;F0006;FA202501-0057
BQ202500185;23/03/2025;BQ;511100;Encaissement FV202501-0219;4816,53;;NA;C0002;FV202501-0219
BQ202500185;23/03/2025;BQ;401100;JOLY S.A.R.L. - reglement;;4816,53;NA;C0002;FV202501-0219
VE202500073;24/03/2025;VE;401100;BOUVET - Vente de marchandises;5074,78;;NA;C0018;FV202503-0073
VE202500073;24/03/2025;VE;702000;Vente de marchandises;;4337,42;S17;C0018;FV202503-0073
VE202500073;24/03/2025;VE;461411;TVA collectee 17%;;737,36;NA;C0018;FV202503-0073
AC202500203;25/03/2025;AC;607100;Fournitures de bureau;423,03;;A17;F0022;FA202503-0203
AC202500203;25/03/2025;AC;421611;TVA deductible 17%;71,92;;NA;F0022;FA202503-0203
AC202500203;25/03/2025;AC;441100;PHILIPPE - Fournitures de bureau;;494,95;NA;F0022;FA202503-0203
BQ202500005;25/03/2025;BQ;511100;Encaissement FV202503-0007;1827,82;;NA;C0005;FV202503-0007
BQ202500005;25/03/2025;BQ;401100;BARTHELEMY S.A.S. - reglement;;1827,82;NA;C0005;FV202503-0007
BQ202500261;25/03/2025;BQ;441100;BOUTIN SARL - reglement;9897,50;;NA;F0007;FA202502-0017
BQ202500261;25/03/2025;BQ;511100;Paiement FA202502-0017;;9897,50;NA;F0007;FA202502-0017
OD202500003;25/03/2025;OD;621000;Salaires bruts 03/2025;24121,50;;NA;;PAIE-03
OD202500003;25/03/2025;OD;622000;Charges patronales 03/2025;3135,80;;NA;;PAIE-03
OD202500003;25/03/2025;OD;462000;Cotisations CCSS;;6150,99;NA;;PAIE-03
OD202500003;25/03/2025;OD;471000;Net a payer;;21106,31;NA;;PAIE-03
VE202500275;25/03/2025;VE;401100;DOS SANTOS BESNARD SA - Prestation de services;2569,03;;NA;C0026;FV202503-0275
VE202500275;25/03/2025;VE;704000;Prestation de services;;2195,75;S17;C0026;FV202503-0275
VE202500275;25/03/2025;VE;461411;TVA collectee 17%;;373,28;NA;C0026;FV202503-0275
AC202500043;26/03/2025;AC;615000;Campagne de publicite;1262,41;;A17;F0009;FA202503-0043
AC202500043;26/03/2025;AC;421611;TVA deductible 17%;214,61;;NA;F0009;FA202503-0043
AC202500043;26/03/2025;AC;441100;ROCHE SARL - Campagne de publicite;;1477,02;NA;F0009;FA202503-0043
AC202500146;26/03/2025;AC;607200;Electricite et gaz;669,87;;A8;F0005;FA202503-0146
AC202500146;26/03/2025;AC;421613;TVA deductible 8%;53,59;;NA;F0005;FA202503-0146
AC202500146;26/03/2025;AC;441100;ROY BOUVIER SARL - Electricite et gaz;;723,46;NA;F0005;FA202503-0146
VE202500088;26/03/2025;VE;401100;ROUSSEL - Prestation de services;8826,08;;NA;C0001;FV202503-0088
VE202500088;26/03/2025;VE;704000;Prestation de services;;7543,66;S17;C0001;FV202503-0088
VE202500088;26/03/2025;VE;461411;TVA collectee 17%;;1282,42;NA;C0001;FV202503-0088
VE202500206;26/03/2025;VE;401100;CORDIER - Vente de marchandises - taux reduit;8599,26;;NA;C0012;FV202503-0206
VE202500206;26/03/2025;VE;702000;Vente de marchandises - taux reduit;;7962,28;S8;C0012;FV202503-0206
VE202500206;26/03/2025;VE;461413;TVA collectee 8%;;636,98;NA;C0012;FV202503-0206
VE202500264;26/03/2025;VE;401100;BARTHELEMY S.A.S. - Prestation de services;1269,08;;NA;C0005;FV202503-0264
VE202500264;26/03/2025;VE;704000;Prestation de services;;1084,68;S17;C0005;FV202503-0264
VE202500264;26/03/2025;VE;461411;TVA collectee 17%;;184,40;NA;C0005;FV202503-0264
VE202500296;26/03/2025;VE;401100;LESAGE - Vente de marchandises;7500,44;;NA;C0024;FV202503-0296
VE202500296;26/03/2025;VE;702000;Vente de marchandises;;6410,63;S17;C0024;FV202503-0296
VE202500296;26/03/2025;VE;461411;TVA collectee 17%;;1089,81;NA;C0024;FV202503-0296
VE202500050;27/03/2025;VE;401100;ADAM VERDIER ET FILS - Prestation de services;2490,86;;NA;C0016;FV202503-0050
VE202500050;27/03/2025;VE;704000;Prestation de services;;2128,94;S17;C0016;FV202503-0050
VE202500050;27/03/2025;VE;461411;TVA collectee 17%;;361,92;NA;C0016;FV202503-0050
VE202500215;27/03/2025;VE;401100;DOS SANTOS BESNARD SA - Vente de produits finis;6508,60;;NA;C0026;FV202503-0215
VE202500215;27/03/2025;VE;705000;Vente de produits finis;;5562,91;S17;C0026;FV202503-0215
VE202500215;27/03/2025;VE;461411;TVA collectee 17%;;945,69;NA;C0026;FV202503-0215
AC202500063;28/03/2025;AC;614200;Honoraires juridiques;1040,39;;A17;F0010;FA202503-0063
AC202500063;28/03/2025;AC;421611;TVA deductible 17%;176,87;;NA;F0010;FA202503-0063
AC202500063;28/03/2025;AC;441100;JACQUES S.A. - Honoraires juridiques;;1217,26;NA;F0010;FA202503-0063
BQ202500268;28/03/2025;BQ;441100;MARQUES - reglement;1473,35;;NA;F0001;FA202501-0025
BQ202500268;28/03/2025;BQ;511100;Paiement FA202501-0025;;1473,35;NA;F0001;FA202501-0025
BQ202500384;28/03/2025;BQ;441100;THIBAULT BOUCHET SARL - reglement;15658,99;;NA;F0003;FA202501-0166
BQ202500384;28/03/2025;BQ;511100;Paiement FA202501-0166;;15658,99;NA;F0003;FA202501-0166
BQ202500448;28/03/2025;BQ;618000;Frais de tenue de compte;70,79;;NA;;BQ-FRAIS-03
BQ202500448;28/03/2025;BQ;511100;Frais bancaires;;70,79;NA;;BQ-FRAIS-03
BQ202500449;28/03/2025;BQ;192100;Remboursement emprunt - capital;1600,00;;NA;;EMP-03
BQ202500449;28/03/2025;BQ;655000;Interets de l'emprunt;239,73;;NA;;EMP-03
BQ202500449;28/03/2025;BQ;511100;Echeance emprunt;;1839,73;NA;;EMP-03
BQ202500472;28/03/2025;BQ;471000;Virement des salaires;21106,31;;NA;;PAIE-03
BQ202500472;28/03/2025;BQ;511100;Virement des salaires;;21106,31;NA;;PAIE-03
BQ202500473;28/03/2025;BQ;462000;Paiement CCSS;6150,99;;NA;;CCSS-03
BQ202500473;28/03/2025;BQ;511100;Paiement CCSS;;6150,99;NA;;CCSS-03
OD202500013;28/03/2025;OD;221900;Amortissement T1;;1125,00;NA;;AMORT-T1
OD202500013;28/03/2025;OD;222900;Amortissement T1;;1550,00;NA;;AMORT-T1
OD202500013;28/03/2025;OD;223900;Amortissement T1;;4215,00;NA;;AMORT-T1
OD202500013;28/03/2025;OD;211900;Amortissement T1;;775,00;NA;;AMORT-T1
OD202500013;28/03/2025;OD;631000;Dotation aux amortissements T1;7665,00;;NA;;AMORT-T1
BQ202500043;29/03/2025;BQ;511100;Encaissement FV202502-0051;12964,36;;NA;C0025;FV202502-0051
BQ202500043;29/03/2025;BQ;401100;REY - reglement;;12964,36;NA;C0025;FV202502-0051
BQ202500140;30/03/2025;BQ;511100;Encaissement FV202501-0161;4640,56;;NA;C0013;FV202501-0161
BQ202500140;30/03/2025;BQ;401100;AUGER - reglement;;4640,56;NA;C0013;FV202501-0161
BQ202500196;30/03/2025;BQ;511100;Encaissement FV202501-0233;9669,36;;NA;C0024;FV202501-0233
BQ202500196;30/03/2025;BQ;401100;LESAGE - reglement;;9669,36;NA;C0024;FV202501-0233
BQ202500292;30/03/2025;BQ;441100;FERRAND - reglement;255,79;;NA;F0013;FA202503-0054
BQ202500292;30/03/2025;BQ;511100;Paiement FA202503-0054;;255,79;NA;F0013;FA202503-0054
BQ202500370;31/03/2025;BQ;441100;FOUCHER - reglement;1659,36;;NA;F0018;FA202503-0151
BQ202500370;31/03/2025;BQ;511100;Paiement FA202503-0151;;1659,36;NA;F0018;FA202503-0151
OD202500021;31/03/2025;OD;461411;Solde TVA collectee 03/2025;14071,77;;NA;;TVA-03
OD202500021;31/03/2025;OD;461413;Solde TVA collectee 03/2025;1915,58;;NA;;TVA-03
OD202500021;31/03/2025;OD;421611;Solde TVA deductible 03/2025;;6158,92;NA;;TVA-03
OD202500021;31/03/2025;OD;421613;Solde TVA deductible 03/2025;;1053,15;NA;;TVA-03
OD202500021;31/03/2025;OD;461500;TVA due 03/2025;;8775,28;NA;;TVA-03
VE202500234;31/03/2025;VE;401100;DIAZ PETITJEAN ET FILS - Prestation intracommunautaire;685,22;;NA;C0017;FV202503-0234
VE202500234;31/03/2025;VE;704000;Prestation intracommunautaire;;685,22;SIC;C0017;FV202503-0234
AC202500142;01/04/2025;AC;616100;Transport sur achats;1331,89;;A17;F0006;FA202504-0142
AC202500142;01/04/2025;AC;421611;TVA deductible 17%;226,42;;NA;F0006;FA202504-0142
AC202500142;01/04/2025;AC;441100;GILLES CLERC SARL - Transport sur achats;;1558,31;NA;F0006;FA202504-0142
AC202500154;01/04/2025;AC;612000;Entretien et reparations;3215,74;;A17;F0008;FA202504-0154
AC202500154;01/04/2025;AC;421611;TVA deductible 17%;546,68;;NA;F0008;FA202504-0154
AC202500154;01/04/2025;AC;441100;DUVAL - Entretien et reparations;;3762,42;NA;F0008;FA202504-0154
BQ202500396;01/04/2025;BQ;441100;CHAUVEAU S.A. - reglement;4706,16;;NA;F0017;FA202503-0182
BQ202500396;01/04/2025;BQ;511100;Paiement FA202503-0182;;4706,16;NA;F0017;FA202503-0182
VE202500195;01/04/2025;VE;401100;REY - Prestation de services;3919,91;;NA;C0025;FV202504-0195
VE202500195;01/04/2025;VE;704000;Prestation de services;;3350,35;S17;C0025;FV202504-0195
VE202500195;01/04/2025;VE;461411;TVA collectee 17%;;569,56;NA;C0025;FV202504-0195
VE202500256;01/04/2025;VE;401100;FONTAINE LE ROUX SARL - Prestation intracommunautaire;2922,12;;NA;C0006;FV202504-0256
VE202500256;01/04/2025;VE;704000;Prestation intracommunautaire;;2922,12;SIC;C0006;FV202504-0256
AC202500171;02/04/2025;AC;607100;Fournitures de bureau;385,85;;A17;F0001;FA202504-0171
AC202500171;02/04/2025;AC;421611;TVA deductible 17%;65,59;;NA;F0001;FA202504-0171
AC202500171;02/04/2025;AC;441100;MARQUES - Fournitures de bureau;;451,44;NA;F0001;FA202504-0171
AC202500238;02/04/2025;AC;616100;Transport sur achats;1351,31;;A17;F0021;FA202504-0238
AC202500238;02/04/2025;AC;421611;TVA deductible 17%;229,72;;NA;F0021;FA202504-0238
AC202500238;02/04/2025;AC;441100;FOURNIER - Transport sur achats;;1581,03;NA;F0021;FA202504-0238
VE202500103;02/04/2025;VE;401100;CHEVALIER SARL - Prestation de services;3095,68;;NA;C0011;FV202504-0103
VE202500103;02/04/2025;VE;704000;Prestation de services;;2645,88;S17;C0011;FV202504-0103
VE202500103;02/04/2025;VE;461411;TVA collectee 17%;;449,80;NA;C0011;FV202504-0103
AC202500114;03/04/2025;AC;606000;Achat de marchandises;2811,06;;A17;F0020;FA202504-0114
AC202500114;03/04/2025;AC;421611;TVA deductible 17%;477,88;;NA;F0020;FA202504-0114
AC202500114;03/04/2025;AC;441100;GRONDIN - Achat de marchandises;;3288,94;NA;F0020;FA202504-0114
BQ202500008;03/04/2025;BQ;511100;Encaissement FV202503-0010;17261,12;;NA;C0008;FV202503-0010
BQ202500008;03/04/2025;BQ;401100;BOUTIN DUMAS ET FILS - reglement;;17261,12;NA;C0008;FV202503-0010
BQ202500436;03/04/2025;BQ;441100;GRONDIN - reglement;3566,84;;NA;F0020;FA202502-0240
BQ202500436;03/04/2025;BQ;511100;Paiement FA202502-0240;;3566,84;NA;F0020;FA202502-0240
VE202500096;03/04/2025;VE;401100;FONTAINE LE ROUX SARL - Prestation de services;2577,10;;NA;C0006;FV202504-0096
VE202500096;03/04/2025;VE;704000;Prestation de services;;2202,65;S17;C0006;FV202504-0096
VE202500096;03/04/2025;VE;461411;TVA collectee 17%;;374,45;NA;C0006;FV202504-0096
BQ202500162;04/04/2025;BQ;511100;Encaissement FV202502-0188;5340,01;;NA;C0012;FV202502-0188
BQ202500162;04/04/2025;BQ;401100;CORDIER - reglement;;5340,01;NA;C0012;FV202502-0188
VE202500003;04/04/2025;VE;401100;COLLET - Vente de marchandises - taux reduit;6747,20;;NA;C0023;FV202504-0003
VE202500003;04/04/2025;VE;702000;Vente de marchandises - taux reduit;;6247,41;S8;C0023;FV202504-0003
VE202500003;04/04/2025;VE;461413;TVA collectee 8%;;499,79;NA;C0023;FV202504-0003
VE202500109;04/04/2025;VE;401100;AUGER - Prestation de services;4266,76;;NA;C0013;FV202504-0109
VE202500109;04/04/2025;VE;704000;Prestation de services;;3646,80;S17;C0013;FV202504-0109
VE202500109;04/04/2025;VE;461411;TVA collectee 17%;;619,96;NA;C0013;FV202504-0109
VE202500173;04/04/2025;VE;401100;ROUSSEL - Prestation de services;1254,35;;NA;C0001;FV202504-0173
VE202500173;04/04/2025;VE;704000;Prestation de services;;1072,09;S17;C0001;FV202504-0173
VE202500173;04/04/2025;VE;461411;TVA collectee 17%;;182,26;NA;C0001;FV202504-0173
BQ202500084;05/04/2025;BQ;511100;Encaissement FV202501-0094;1998,55;;NA;C0020;FV202501-0094
BQ202500084;05/04/2025;BQ;401100;LECLERCQ S.A.S. - reglement;;1998,55;NA;C0020;FV202501-0094
AC202500067;07/04/2025;AC;611500;Charges locatives;464,23;;A17;F0018;FA202504-0067
AC202500067;07/04/2025;AC;421611;TVA deductible 17%;78,92;;NA;F0018;FA202504-0067
AC202500067;07/04/2025;AC;441100;FOUCHER - Charges locatives;;543,15;NA;F0018;FA202504-0067
VE202500013;07/04/2025;VE;401100;BONNEAU - Prestation intracommunautaire;904,16;;NA;C0007;FV202504-0013
VE202500013;07/04/2025;VE;704000;Prestation intracommunautaire;;904,16;SIC;C0007;FV202504-0013
VE202500033;07/04/2025;VE;401100;ROUSSEL - Prestation de services;2242,71;;NA;C0001;FV202504-0033
VE202500033;07/04/2025;VE;704000;Prestation de services;;1916,85;S17;C0001;FV202504-0033
VE202500033;07/04/2025;VE;461411;TVA collectee 17%;;325,86;NA;C0001;FV202504-0033
VE202500074;07/04/2025;VE;401100;BOUVET - Prestation de services;3198,70;;NA;C0018;FV202504-0074
VE202500074;07/04/2025;VE;704000;Prestation de services;;2733,93;S17;C0018;FV202504-0074
VE202500074;07/04/2025;VE;461411;TVA collectee 17%;;464,77;NA;C0018;FV202504-0074
VE202500089;07/04/2025;VE;401100;COLLET - Prestation de services;13697,92;;NA;C0023;FV202504-0089
VE202500089;07/04/2025;VE;704000;Prestation de services;;11707,62;S17;C0023;FV202504-0089
VE202500089;07/04/2025;VE;461411;TVA collectee 17%;;1990,30;NA;C0023;FV202504-0089
VE202500269;07/04/2025;VE;401100;CORDIER - Vente de marchandises;1981,00;;NA;C0012;FV202504-0269
VE202500269;07/04/2025;VE;702000;Vente de marchandises;;1693,16;S17;C0012;FV202504-0269
VE202500269;07/04/2025;VE;461411;TVA collectee 17%;;287,84;NA;C0012;FV202504-0269
BQ202500330;08/04/2025;BQ;441100;MARQUES - reglement;1168,40;;NA;F0001;FA202502-0096
BQ202500330;08/04/2025;BQ;511100;Paiement FA202502-0096;;1168,40;NA;F0001;FA202502-0096
BQ202500395;08/04/2025;BQ;441100;BOUTIN SARL - reglement;12074,86;;NA;F0007;FA202503-0181
BQ202500395;08/04/2025;BQ;511100;Paiement FA202503-0181;;12074,86;NA;F0007;FA202503-0181
AC202500073;09/04/2025;AC;607200;Electricite et gaz;469,18;;A8;F0007;FA202504-0073
AC202500073;09/04/2025;AC;421613;TVA deductible 8%;37,53;;NA;F0007;FA202504-0073
AC202500073;09/04/2025;AC;441100;BOUTIN SARL - Electricite et gaz;;506,71;NA;F0007;FA202504-0073
AC202500169;09/04/2025;AC;616200;Frais de restaurant;51,79;;A3;F0012;FA202504-0169
AC202500169;09/04/2025;AC;421614;TVA deductible 3%;1,55;;NA;F0012;FA202504-0169
AC202500169;09/04/2025;AC;441100;GRÉGOIRE - Frais de restaurant;;53,34;NA;F0012;FA202504-0169
AC202500232;10/04/2025;AC;606000;Achat de marchandises;2003,90;;A17;F0017;FA202504-0232
AC202500232;10/04/2025;AC;421611;TVA deductible 17%;340,66;;NA;F0017;FA202504-0232
AC202500232;10/04/2025;AC;441100;CHAUVEAU S.A. - Achat de marchandises;;2344,56;NA;F0017;FA202504-0232
BQ202500002;10/04/2025;BQ;511100;Encaissement FV202502-0002;2709,11;;NA;C0001;FV202502-0002
BQ202500002;10/04/2025;BQ;401100;ROUSSEL - reglement;;2709,11;NA;C0001;FV202502-0002
BQ202500234;10/04/2025;BQ;511100;Encaissement FV202502-0286;2065,36;;NA;C0028;FV202502-0286
BQ202500234;10/04/2025;BQ;401100;PARENT - reglement;;2065,36;NA;C0028;FV202502-0286
BQ202500322;10/04/2025;BQ;441100;LACOMBE GUIBERT S.A. - reglement;184,57;;NA;F0019;FA202502-0087
BQ202500322;10/04/2025;BQ;511100;Paiement FA202502-0087;;184,57;NA;F0019;FA202502-0087
BQ202500351;10/04/2025;BQ;441100;LAPORTE MULLER SA - reglement;1688,40;;NA;F0016;FA202503-0124
BQ202500351;10/04/2025;BQ;511100;Paiement FA202503-0124;;1688,40;NA;F0016;FA202503-0124
VE202500068;10/04/2025;VE;401100;FISCHER - Prestation de services;2723,88;;NA;C0021;FV202504-0068
VE202500068;10/04/2025;VE;704000;Prestation de services;;2328,10;S17;C0021;FV202504-0068
VE202500068;10/04/2025;VE;461411;TVA collectee 17%;;395,78;NA;C0021;FV202504-0068
AC202500012;11/04/2025;AC;606000;Achat de marchandises;3804,04;;A17;F0018;FA202504-0012
AC202500012;11/04/2025;AC;421611;TVA deductible 17%;646,69;;NA;F0018;FA202504-0012
AC202500012;11/04/2025;AC;441100;FOUCHER - Achat de marchandises;;4450,73;NA;F0018;FA202504-0012
VE202500070;11/04/2025;VE;401100;BOUVET - Prestation intracommunautaire;413,41;;NA;C0018;FV202504-0070
VE202500070;11/04/2025;VE;704000;Prestation intracommunautaire;;413,41;SIC;C0018;FV202504-0070
VE202500141;11/04/2025;VE;401100;JACQUOT ET FILS - Prestation intracommunautaire;1339,60;;NA;C0027;FV202504-0141
VE202500141;11/04/2025;VE;704000;Prestation intracommunautaire;;1339,60;SIC;C0027;FV202504-0141
BQ202500156;12/04/2025;BQ;511100;Encaissement FV202502-0180;12986,51;;NA;C0016;FV202502-0180
BQ202500156;12/04/2025;BQ;401100;ADAM VERDIER ET FILS - reglement;;12986,51;NA;C0016;FV202502-0180
AC202500191;14/04/2025;AC;606000;Achat de marchandises - taux reduit;3085,11;;A8;F0007;FA202504-0191
AC202500191;14/04/2025;AC;421613;TVA deductible 8%;246,81;;NA;F0007;FA202504-0191
AC202500191;14/04/2025;AC;441100;BOUTIN SARL - Achat de marchandises - taux reduit;;3331,92;NA;F0007;FA202504-0191
BQ202500364;14/04/2025;BQ;441100;GILLES CLERC SARL - reglement;1558,31;;NA;F0006;FA202504-0142
BQ202500364;14/04/2025;BQ;511100;Paiement FA202504-0142;;1558,31;NA;F0006;FA202504-0142
VE202500184;14/04/2025;VE;401100;DIAZ PETITJEAN ET FILS - Prestation de services;7685,89;;NA;C0017;FV202504-0184
VE202500184;14/04/2025;VE;704000;Prestation de services;;6569,14;S17;C0017;FV202504-0184
VE202500184;14/04/2025;VE;461411;TVA collectee 17%;;1116,75;NA;C0017;FV202504-0184
AC202500211;15/04/2025;AC;607100;Fournitures de bureau;630,38;;A17;F0003;FA202504-0211
AC202500211;15/04/2025;AC;421611;TVA deductible 17%;107,16;;NA;F0003;FA202504-0211
AC202500211;15/04/2025;AC;441100;THIBAULT BOUCHET SARL - Fournitures de bureau;;737,54;NA;F0003;FA202504-0211
VE202500181;15/04/2025;VE;401100;ADAM VERDIER ET FILS - Prestation intracommunautaire;191,21;;NA;C0016;FV202504-0181
VE202500181;15/04/2025;VE;704000;Prestation intracommunautaire;;191,21;SIC;C0016;FV202504-0181
BQ202500216;16/04/2025;BQ;511100;Encaissement FV202503-0264;1269,08;;NA;C0005;FV202503-0264
BQ202500216;16/04/2025;BQ;401100;BARTHELEMY S.A.S. - reglement;;1269,08;NA;C0005;FV202503-0264
VE202500158;16/04/2025;VE;401100;FISCHER - Prestation de services;1824,91;;NA;C0021;FV202504-0158
VE202500158;16/04/2025;VE;704000;Prestation de services;;1559,75;S17;C0021;FV202504-0158
VE202500158;16/04/2025;VE;461411;TVA collectee 17%;;265,16;NA;C0021;FV202504-0158
VE202500194;16/04/2025;VE;401100;REY - Vente de marchandises;1525,89;;NA;C0025;FV202504-0194
VE202500194;16/04/2025;VE;702000;Vente de marchandises;;1304,18;S17;C0025;FV202504-0194
VE202500194;16/04/2025;VE;461411;TVA collectee 17%;;221,71;NA;C0025;FV202504-0194
BQ202500056;17/04/2025;BQ;511100;Encaissement FV202502-0066;3776,34;;NA;C0027;FV202502-0066
BQ202500056;17/04/2025;BQ;401100;JACQUOT ET FILS - reglement;;3776,34;NA;C0027;FV202502-0066
BQ202500350;17/04/2025;BQ;441100;GRÉGOIRE - reglement;440,54;;NA;F0012;FA202503-0123
BQ202500350;17/04/2025;BQ;511100;Paiement FA202503-0123;;440,54;NA;F0012;FA202503-0123
BQ202500372;17/04/2025;BQ;441100;DUVAL - reglement;3762,42;;NA;F0008;FA202504-0154
BQ202500372;17/04/2025;BQ;511100;Paiement FA202504-0154;;3762,42;NA;F0008;FA202504-0154
BQ202500404;17/04/2025;BQ;441100;LAPORTE MULLER SA - reglement;1179,56;;NA;F0016;FA202503-0194
BQ202500404;17/04/2025;BQ;511100;Paiement FA202503-0194;;1179,56;NA;F0016;FA202503-0194
BQ202500414;17/04/2025;BQ;441100;LACOMBE GUIBERT S.A. - reglement;3197,80;;NA;F0019;FA202502-0209
BQ202500414;17/04/2025;BQ;511100;Paiement FA202502-0209;;3197,80;NA;F0019;FA202502-0209
VE202500127;17/04/2025;VE;401100;JACQUET SARL - Prestation de services;5521,72;;NA;C0009;FV202504-0127
VE202500127;17/04/2025;VE;704000;Prestation de services;;4719,42;S17;C0009;FV202504-0127
VE202500127;17/04/2025;VE;461411;TVA collectee 17%;;802,30;NA;C0009;FV202504-0127
VE202500247;17/04/2025;VE;401100;PARENT - Prestation intracommunautaire;2976,66;;NA;C0028;FV202504-0247
VE202500247;17/04/2025;VE;704000;Prestation intracommunautaire;;2976,66;SIC;C0028;FV202504-0247
AC202500068;18/04/2025;AC;617000;Telecommunications;690,72;;A17;F0007;FA202504-0068
AC202500068;18/04/2025;AC;421611;TVA deductible 17%;117,42;;NA;F0007;FA202504-0068
AC202500068;18/04/2025;AC;441100;BOUTIN SARL - Telecommunications;;808,14;NA;F0007;FA202504-0068
BQ202500192;18/04/2025;BQ;511100;Encaissement FV202503-0229;953,41;;NA;C0007;FV202503-0229
BQ202500192;18/04/2025;BQ;401100;BONNEAU - reglement;;953,41;NA;C0007;FV202503-0229
VE202500295;18/04/2025;VE;401100;LECLERCQ S.A.S. - Vente de produits finis;837,52;;NA;C0020;FV202504-0295
VE202500295;18/04/2025;VE;705000;Vente de produits finis;;715,83;S17;C0020;FV202504-0295
VE202500295;18/04/2025;VE;461411;TVA collectee 17%;;121,69;NA;C0020;FV202504-0295
BQ202500239;19/04/2025;BQ;511100;Encaissement FV202502-0291;3101,97;;NA;C0009;FV202502-0291
BQ202500239;19/04/2025;BQ;401100;JACQUET SARL - reglement;;3101,97;NA;C0009;FV202502-0291
BQ202500412;19/04/2025;BQ;441100;PHILIPPE - reglement;494,95;;NA;F0022;FA202503-0203
BQ202500412;19/04/2025;BQ;511100;Paiement FA202503-0203;;494,95;NA;F0022;FA202503-0203
BQ202500159;20/04/2025;BQ;511100;Encaissement FV202503-0185;4422,39;;NA;C0019;FV202503-0185
BQ202500159;20/04/2025;BQ;401100;LOUIS PAYET S.A. - reglement;;4422,39;NA;C0019;FV202503-0185
BQ202500240;20/04/2025;BQ;511100;Encaissement FV202503-0292;3267,70;;NA;C0006;FV202503-0292
BQ202500240;20/04/2025;BQ;401100;FONTAINE LE ROUX SARL - reglement;;3267,70;NA;C0006;FV202503-0292
BQ202500175;21/04/2025;BQ;511100;Encaissement FV202503-0206;8599,26;;NA;C0012;FV202503-0206
BQ202500175;21/04/2025;BQ;401100;CORDIER - reglement;;8599,26;NA;C0012;FV202503-0206
BQ202500266;21/04/2025;BQ;441100;GRONDIN - reglement;4808,37;;NA;F0020;FA202502-0023
BQ202500266;21/04/2025;BQ;511100;Paiement FA202502-0023;;4808,37;NA;F0020;FA202502-0023
BQ202500281;21/04/2025;BQ;441100;ROY BOUVIER SARL - reglement;9075,56;;NA;F0005;FA202503-0039
BQ202500281;21/04/2025;BQ;511100;Paiement FA202503-0039;;9075,56;NA;F0005;FA202503-0039
BQ202500421;21/04/2025;BQ;441100;ALVES - reglement;11094,67;;NA;F0002;FA202502-0219
BQ202500421;21/04/2025;BQ;511100;Paiement FA202502-0219;;11094,67;NA;F0002;FA202502-0219
BQ202500439;21/04/2025;BQ;441100;PHILIPPE - reglement;4556,86;;NA;F0022;FA202502-0243
BQ202500439;21/04/2025;BQ;511100;Paiement FA202502-0243;;4556,86;NA;F0022;FA202502-0243
AC202500007;22/04/2025;AC;606000;Achat de marchandises;5430,28;;A17;F0003;FA202504-0007
AC202500007;22/04/2025;AC;421611;TVA deductible 17%;923,15;;NA;F0003;FA202504-0007
AC202500007;22/04/2025;AC;441100;THIBAULT BOUCHET SARL - Achat de marchandises;;6353,43;NA;F0003;FA202504-0007
AC202500084;22/04/2025;AC;606000;Achat de marchandises - taux reduit;2810,65;;A8;F0002;FA202504-0084
AC202500084;22/04/2025;AC;421613;TVA deductible 8%;224,85;;NA;F0002;FA202504-0084
AC202500084;22/04/2025;AC;441100;ALVES - Achat de marchandises - taux reduit;;3035,50;NA;F0002;FA202504-0084
AC202500126;22/04/2025;AC;606000;Achat de marchandises;8732,71;;A17;F0010;FA202504-0126
AC202500126;22/04/2025;AC;421611;TVA deductible 17%;1484,56;;NA;F0010;FA202504-0126
AC202500126;22/04/2025;AC;441100;JACQUES S.A. - Achat de marchandises;;10217,27;NA;F0010;FA202504-0126
AC202500210;22/04/2025;AC;607100;Fournitures de bureau;556,69;;A17;F0001;FA202504-0210
AC202500210;22/04/2025;AC;421611;TVA deductible 17%;94,64;;NA;F0001;FA202504-0210
AC202500210;22/04/2025;AC;441100;MARQUES - Fournitures de bureau;;651,33;NA;F0001;FA202504-0210
AC202500226;22/04/2025;AC;613000;Prime d'assurance;2362,30;;A0;F0020;FA202504-0226
AC202500226;22/04/2025;AC;441100;GRONDIN - Prime d'assurance;;2362,30;NA;F0020;FA202504-0226
VE202500017;22/04/2025;VE;401100;BONNIN SA - Produit annexe - taux intermediaire;1519,35;;NA;C0014;FV202504-0017
VE202500017;22/04/2025;VE;708000;Produit annexe - taux intermediaire;;1332,76;S14;C0014;FV202504-0017
VE202500017;22/04/2025;VE;461412;TVA collectee 14%;;186,59;NA;C0014;FV202504-0017
VE202500017;22/04/2025;VE;748000;Ligne sans montant;;;NA;C0014;FV202504-0017
VE202500111;22/04/2025;VE;401100;LOUIS PAYET S.A. - Vente de marchandises;3128,57;;NA;C0019;FV202504-0111
VE202500111;22/04/2025;VE;702000;Vente de marchandises;;2673,99;S17;C0019;FV202504-0111
VE202500111;22/04/2025;VE;461411;TVA collectee 17%;;454,58;NA;C0019;FV202504-0111
VE202500230;22/04/2025;VE;401100;BRUNEAU S.A.S. - Vente de marchandises;2268,70;;NA;C0022;FV202504-0230
VE202500230;22/04/2025;VE;702000;Vente de marchandises;;1939,06;S17;C0022;FV202504-0230
VE202500230;22/04/2025;VE;461411;TVA collectee 17%;;329,64;NA;C0022;FV202504-0230
AC202500051;24/04/2025;AC;612000;Entretien et reparations;2971,44;;A17;F0007;FA202504-0051
AC202500051;24/04/2025;AC;421611;TVA deductible 17%;505,14;;NA;F0007;FA202504-0051
AC202500051;24/04/2025;AC;441100;BOUTIN SARL - Entretien et reparations;;3476,58;NA;F0007;FA202504-0051
AC202500108;24/04/2025;AC;612000;Entretien et reparations;2239,65;;A17;F0021;FA202504-0108
AC202500108;24/04/2025;AC;421611;TVA deductible 17%;380,74;;NA;F0021;FA202504-0108
AC202500108;24/04/2025;AC;441100;FOURNIER - Entretien et reparations;;2620,39;NA;F0021;FA202504-0108
AC202500135;24/04/2025;AC;617000;Telecommunications;1042,24;;A17;F0005;FA202504-0135
AC202500135;24/04/2025;AC;421611;TVA deductible 17%;177,18;;NA;F0005;FA202504-0135
AC202500135;24/04/2025;AC;441100;ROY BOUVIER SARL - Telecommunications;;1219,42;NA;F0005;FA202504-0135
AC202500228;24/04/2025;AC;60;Abonnements logiciels;1454,06;;A17;F0008;FA202504-0228
AC202500228;24/04/2025;AC;421611;TVA deductible 17%;247,19;;NA;F0008;FA202504-0228
AC202500228;24/04/2025;AC;441100;DUVAL - Abonnements logiciels;;1701,25;NA;F0008;FA202504-0228
VE202500271;24/04/2025;VE;401100;JACQUET SARL - Prestation de services;1086,03;;NA;C0009;FV202504-0271
VE202500271;24/04/2025;VE;704000;Prestation de services;;928,23;S17;C0009;FV202504-0271
VE202500271;24/04/2025;VE;461411;TVA collectee 17%;;157,80;NA;C0009;FV202504-0271
AC202500013;25/04/2025;AC;616200;Frais de restaurant;327,67;;A3;F0002;FA202504-0013
AC202500013;25/04/2025;AC;421614;TVA deductible 3%;9,83;;NA;F0002;FA202504-0013
AC202500013;25/04/2025;AC;441100;ALVES - Frais de restaurant;;337,50;NA;F0002;FA202504-0013
AC202500034;25/04/2025;AC;612000;Entretien et reparations;270,63;;A17;F0014;FA202504-0034
AC202500034;25/04/2025;AC;421611;TVA deductible 17%;46,01;;NA;F0014;FA202504-0034
AC202500034;25/04/2025;AC;441100;BOUSQUET - Entretien et reparations;;316,64;NA;F0014;FA202504-0034
OD202500004;25/04/2025;OD;621000;Salaires bruts 04/2025;23937,80;;NA;;PAIE-04
OD202500004;25/04/2025;OD;622000;Charges patronales 04/2025;3111,91;;NA;;PAIE-04
OD202500004;25/04/2025;OD;462000;Cotisations CCSS;;6104,13;NA;;PAIE-04
OD202500004;25/04/2025;OD;471000;Net a payer;;20945,58;NA;;PAIE-04
VE202500133;25/04/2025;VE;401100;COLLET - Prestation de services;258,07;;NA;C0023;FV202504-0133
VE202500133;25/04/2025;VE;704000;Prestation de services;;220,57;S17;C0023;FV202504-0133
VE202500133;25/04/2025;VE;461411;TVA collectee 17%;;37,50;NA;C0023;FV202504-0133
VE202500137;25/04/2025;VE;401100;FAIVRE LELEU ET FILS - Prestation de services;2966,17;;NA;C0003;FV202504-0137
VE202500137;25/04/2025;VE;704000;Prestation de services;;2535,19;S17;C0003;FV202504-0137
VE202500137;25/04/2025;VE;461411;TVA collectee 17%;;430,98;NA;C0003;FV202504-0137
VE202500201;25/04/2025;VE;401100;JOLY S.A.R.L. - Vente de produits finis;19306,53;;NA;C0002;FV202504-0201
VE202500201;25/04/2025;VE;705000;Vente de produits finis;;16501,31;S17;C0002;FV202504-0201
VE202500201;25/04/2025;VE;461411;TVA collectee 17%;;2805,22;NA;C0002;FV202504-0201
VE202500205;25/04/2025;VE;401100;DOS SANTOS BESNARD SA - Vente de marchandises;6303,40;;NA;C0026;FV202504-0205
VE202500205;25/04/2025;VE;702000;Vente de marchandises;;5387,52;S17;C0026;FV202504-0205
VE202500205;25/04/2025;VE;461411;TVA collectee 17%;;915,88;NA;C0026;FV202504-0205
VE202500238;25/04/2025;VE;401100;JACQUOT ET FILS - Prestation de services;17549,10;;NA;C0027;FV202504-0238
VE202500238;25/04/2025;VE;704000;Prestation de services;;14999,23;S17;C0027;FV202504-0238
VE202500238;25/04/2025;VE;461411;TVA collectee 17%;;2549,87;NA;C0027;FV202504-0238
BQ202500064;27/04/2025;BQ;511100;Encaissement FV202504-0074;3198,70;;NA;C0018;FV202504-0074
BQ202500064;27/04/2025;BQ;401100;BOUVET - reglement;;3198,70;NA;C0018;FV202504-0074
BQ202500232;27/04/2025;BQ;511100;Encaissement FV202503-0284;1112,00;;NA;C0001;FV202503-0284
BQ202500232;27/04/2025;BQ;401100;ROUSSEL - reglement;;1112,00;NA;C0001;FV202503-0284
AC202500059;28/04/2025;AC;607100;Fournitures de bureau;741,09;;A17;F0021;FA202504-0059
AC202500059;28/04/2025;AC;421611;TVA deductible 17%;125,99;;NA;F0021;FA202504-0059
AC202500059;28/04/2025;AC;441100;FOURNIER - Fournitures de bureau;;867,08;NA;F0021;FA202504-0059
AC202500112;28/04/2025;AC;606000;Achat de marchandises;11415,85;;A17;F0013;FA202504-0112
AC202500112;28/04/2025;AC;421611;TVA deductible 17%;1940,69;;NA;F0013;FA202504-0112
AC202500112;28/04/2025;AC;441100;FERRAND - Achat de marchandises;;13356,54;NA;F0013;FA202504-0112
AC202500202;28/04/2025;AC;606000;Achat de marchandises;8030,52;;A17;F0003;FA202504-0202
AC202500202;28/04/2025;AC;421611;TVA deductible 17%;1365,19;;NA;F0003;FA202504-0202
AC202500202;28/04/2025;AC;441100;THIBAULT BOUCHET SARL - Achat de marchandises;;9395,71;NA;F0003;FA202504-0202
BQ202500168;28/04/2025;BQ;511100;Encaissement FV202504-0194;1525,89;;NA;C0025;FV202504-0194
BQ202500168;28/04/2025;BQ;401100;REY - reglement;;1525,89;NA;C0025;FV202504-0194
BQ202500450;28/04/2025;BQ;618000;Frais de tenue de compte;30,49;;NA;;BQ-FRAIS-04
BQ202500450;28/04/2025;BQ;511100;Frais bancaires;;30,49;NA;;BQ-FRAIS-04
BQ202500451;28/04/2025;BQ;192100;Remboursement emprunt - capital;1600,00;;NA;;EMP-04
BQ202500451;28/04/2025;BQ;655000;Interets de l'emprunt;235,60;;NA;;EMP-04
BQ202500451;28/04/2025;BQ;511100;Echeance emprunt;;1835,60;NA;;EMP-04
BQ202500474;28/04/2025;BQ;471000;Virement des salaires;20945,58;;NA;;PAIE-04
BQ202500474;28/04/2025;BQ;511100;Virement des salaires;;20945,58;NA;;PAIE-04
BQ202500475;28/04/2025;BQ;462000;Paiement CCSS;6104,13;;NA;;CCSS-04
BQ202500475;28/04/2025;BQ;511100;Paiement CCSS;;6104,13;NA;;CCSS-04
VE202500004;29/04/2025;VE;401100;HENRY - Vente de marchandises - taux reduit;3420,22;;NA;C0010;FV202504-0004
VE202500004;29/04/2025;VE;702000;Vente de marchandises - taux reduit;;3166,87;S8;C0010;FV202504-0004
VE202500004;29/04/2025;VE;461413;TVA collectee 8%;;253,35;NA;C0010;FV202504-0004
AC202500155;30/04/2025;AC;606000;Achat de marchandises;9091,96;;A17;F0007;FA202504-0155
AC202500155;30/04/2025;AC;421611;TVA deductible 17%;1545,63;;NA;F0007;FA202504-0155
AC202500155;30/04/2025;AC;441100;BOUTIN SARL - Achat de marchandises;;10637,59;NA;F0007;FA202504-0155
AC202500227;30/04/2025;AC;613000;Prime d'assurance;2204,07;;A0;F0020;FA202504-0227
AC202500227;30/04/2025;AC;441100;GRONDIN - Prime d'assurance;;2204,07;NA;F0020;FA202504-0227
BQ202500058;30/04/2025;BQ;511100;Encaissement FV202504-0068;1809,78;;NA;C0021;FV202504-0068
BQ202500058;30/04/2025;BQ;401100;FISCHER - reglement;;1809,78;NA;C0021;FV202504-0068
BQ202500433;30/04/2025;BQ;441100;PHILIPPE - reglement;3862,42;;NA;F0022;FA202503-0237
BQ202500433;30/04/2025;BQ;511100;Paiement FA202503-0237;;3862,42;NA;F0022;FA202503-0237
OD202500022;30/04/2025;OD;461413;Solde TVA collectee 04/2025;753,14;;NA;;TVA-04
OD202500022;30/04/2025;OD;461412;Solde TVA collectee 04/2025;186,59;;NA;;TVA-04
OD202500022;30/04/2025;OD;461411;Solde TVA collectee 04/2025;17971,33;;NA;;TVA-04
OD202500022;30/04/2025;OD;421611;Solde TVA deductible 04/2025;;11673,25;NA;;TVA-04
OD202500022;30/04/2025;OD;421614;Solde TVA deductible 04/2025;;11,38;NA;;TVA-04
OD202500022;30/04/2025;OD;421613;Solde TVA deductible 04/2025;;509,19;NA;;TVA-04
OD202500022;30/04/2025;OD;461500;TVA due 04/2025;;6717,24;NA;;TVA-04
VE202500138;30/04/2025;VE;401100;LECLERCQ S.A.S. - Vente de marchandises;3024,11;;NA;C0020;FV202504-0138
VE202500138;30/04/2025;VE;702000;Vente de marchandises;;2584,71;S17;C0020;FV202504-0138
VE202500138;30/04/2025;VE;461411;TVA collectee 17%;;439,40;NA;C0020;FV202504-0138
VE202500183;30/04/2025;VE;401100;BONNIN SA - Prestation de services;9742,16;;NA;C0014;FV202504-0183
VE202500183;30/04/2025;VE;704000;Prestation de services;;8326,63;S17;C0014;FV202504-0183
VE202500183;30/04/2025;VE;461411;TVA collectee 17%;;1415,53;NA;C0014;FV202504-0183
AC202500032;01/05/2025;AC;614100;Honoraires comptables;2759,24;;A17;F0001;FA202505-0032
AC202500032;01/05/2025;AC;421611;TVA deductible 17%;469,07;;NA;F0001;FA202505-0032
AC202500032;01/05/2025;AC;441100;MARQUES - Honoraires comptables;;3228,31;NA;F0001;FA202505-0032
BQ202500305;01/05/2025;BQ;441100;FOUCHER - reglement;543,15;;NA;F0018;FA202504-0067
BQ202500305;01/05/2025;BQ;511100;Paiement FA202504-0067;;543,15;NA;F0018;FA202504-0067
VE202500128;01/05/2025;VE;401100;ROUSSEL - Exportation hors UE;5958,37;;NA;C0001;FV202505-0128
VE202500128;01/05/2025;VE;702000;Exportation hors UE;;5958,37;SEX;C0001;FV202505-0128
AC202500078;02/05/2025;AC;607200;Electricite et gaz;1280,54;;A8;F0016;FA202505-0078
AC202500078;02/05/2025;AC;421613;TVA deductible 8%;102,44;;NA;F0016;FA202505-0078
AC202500078;02/05/2025;AC;441100;LAPORTE MULLER SA - Electricite et gaz;;1382,98;NA;F0016;FA202505-0078
AC202500098;02/05/2025;AC;613000;Prime d'assurance;1173,99;;A0;F0014;FA202505-0098
AC202500098;02/05/2025;AC;441100;BOUSQUET - Prime d'assurance;;1173,99;NA;F0014;FA202505-0098
BQ202500103;02/05/2025;BQ;511100;Encaissement FV202503-0119;7182,67;;NA;C0028;FV202503-0119
BQ202500103;02/05/2025;BQ;401100;PARENT - reglement;;7182,67;NA;C0028;FV202503-0119
BQ202500301;02/05/2025;BQ;441100;JACQUES S.A. - reglement;1217,26;;NA;F0010;FA202503-0063
BQ202500301;02/05/2025;BQ;511100;Paiement FA202503-0063;;1217,26;NA;F0010;FA202503-0063
BQ202500413;02/05/2025;BQ;441100;JACQUES S.A. - reglement;2326,24;;NA;F0010;FA202503-0206
BQ202500413;02/05/2025;BQ;511100;Paiement FA202503-0206;;2326,24;NA;F0010;FA202503-0206
BQ202500150;03/05/2025;BQ;511100;Encaissement FV202504-0173;1254,35;;NA;C0001;FV202504-0173
BQ202500150;03/05/2025;BQ;401100;ROUSSEL - reglement;;1254,35;NA;C0001;FV202504-0173
BQ202500306;04/05/2025;BQ;441100;BOUTIN SARL - reglement;808,14;;NA;F0007;FA202504-0068
BQ202500306;04/05/2025;BQ;511100;Paiement FA202504-0068;;808,14;NA;F0007;FA202504-0068
BQ202500405;04/05/2025;BQ;441100;LEGRAND BOURDON ET FILS - reglement;5620,34;;NA;F0015;FA202503-0195
BQ202500405;04/05/2025;BQ;511100;Paiement FA202503-0195;;5620,34;NA;F0015;FA202503-0195
AC202500207;07/05/2025;AC;614100;Honoraires comptables;3012,50;;A17;F0001;FA202505-0207
AC202500207;07/05/2025;AC;421611;TVA deductible 17%;512,12;;NA;F0001;FA202505-0207
AC202500207;07/05/2025;AC;441100;MARQUES - Honoraires comptables;;3524,62;NA;F0001;FA202505-0207
BQ202500116;07/05/2025;BQ;511100;Encaissement FV202504-0133;258,07;;NA;C0023;FV202504-0133
BQ202500116;07/05/2025;BQ;401100;COLLET - reglement;;258,07;NA;C0023;FV202504-0133
VE202500005;07/05/2025;VE;401100;FISCHER - Prestation de services;3118,87;;NA;C0021;FV202505-0005
VE202500005;07/05/2025;VE;704000;Prestation de services;;2665,70;S17;C0021;FV202505-0005
VE202500005;07/05/2025;VE;461411;TVA collectee 17%;;373,20;NA;C0021;FV202505-0005
AC202500224;08/05/2025;AC;614100;Honoraires comptables;3590,03;;A17;F0004;FA202505-0224
AC202500224;08/05/2025;AC;421611;TVA deductible 17%;610,31;;NA;F0004;FA202505-0224
AC202500224;08/05/2025;AC;441100;BOURDON S.A.R.L. - Honoraires comptables;;4200,34;NA;F0004;FA202505-0224
BQ202500087;08/05/2025;BQ;511100;Encaissement FV202503-0097;6010,24;;NA;C0026;FV202503-0097
BQ202500087;08/05/2025;BQ;401100;DOS SANTOS BESNARD SA - reglement;;6010,24;NA;C0026;FV202503-0097
BQ202500237;08/05/2025;BQ;511100;Encaissement FV202503-0289;11100,69;;NA;C0019;FV202503-0289
BQ202500237;08/05/2025;BQ;401100;LOUIS PAYET S.A. - reglement;;11100,69;NA;C0019;FV202503-0289
BQ202500387;08/05/2025;BQ;441100;GRÉGOIRE - reglement;53,34;;NA;F0012;FA202504-0169
BQ202500387;08/05/2025;BQ;511100;Paiement FA202504-0169;;53,34;NA;F0012;FA202504-0169
VE202500176;08/05/2025;VE;401100;JACQUET - Vente de marchandises;2507,35;;NA;C0015;FV202505-0176
VE202500176;08/05/2025;VE;702000;Vente de marchandises;;2143,03;S17;C0015;FV202505-0176
VE202500176;08/05/2025;VE;461411;TVA collectee 17%;;364,32;NA;C0015;FV202505-0176
VE202500241;08/05/2025;VE;401100;LECLERCQ S.A.S. - Prestation de services;14115,21;;NA;C0020;FV202505-0241
VE202500241;08/05/2025;VE;704000;Prestation de services;;12064,28;S17;C0020;FV202505-0241
VE202500241;08/05/2025;VE;461411;TVA collectee 17%;;2050,93;NA;C0020;FV202505-0241
BQ202500003;09/05/2025;BQ;511100;Encaissement FV202504-0003;6747,20;;NA;C0023;FV202504-0003
BQ202500003;09/05/2025;BQ;401100;COLLET - reglement;;6747,20;NA;C0023;FV202504-0003
BQ202500060;09/05/2025;BQ;511100;Encaissement FV202504-0070;413,41;;NA;C0018;FV202504-0070
BQ202500060;09/05/2025;BQ;401100;BOUVET - reglement;;413,41;NA;C0018;FV202504-0070
BQ202500067;09/05/2025;BQ;511100;Encaissement FV202503-0077;1096,00;;NA;C0018;FV202503-0077
BQ202500067;09/05/2025;BQ;401100;BOUVET - reglement;;1096,00;NA;C0018;FV202503-0077
BQ202500019;10/05/2025;BQ;511100;Encaissement FV202503-0023;9195,57;;NA;C0005;FV202503-0023
BQ202500019;10/05/2025;BQ;401100;BARTHELEMY S.A.S. - reglement;;9195,57;NA;C0005;FV202503-0023
BQ202500182;10/05/2025;BQ;511100;Encaissement FV202503-0215;6508,60;;NA;C0026;FV202503-0215
BQ202500182;10/05/2025;BQ;401100;DOS SANTOS BESNARD SA - reglement;;6508,60;NA;C0026;FV202503-0215
BQ202500010;11/05/2025;BQ;511100;Encaissement FV202503-0014;1456,14;;NA;C0021;FV202503-0014
BQ202500010;11/05/2025;BQ;401100;FISCHER - reglement;;1456,14;NA;C0021;FV202503-0014
BQ202500027;11/05/2025;BQ;511100;Encaissement FV202504-0033;1208,88;;NA;C0001;FV202504-0033
BQ202500027;11/05/2025;BQ;401100;ROUSSEL - reglement;;1208,88;NA;C0001;FV202504-0033
BQ202500146;11/05/2025;BQ;511100;Encaissement FV202503-0168;2119,47;;NA;C0021;FV202503-0168
BQ202500146;11/05/2025;BQ;401100;FISCHER - reglement;;2119,47;NA;C0021;FV202503-0168
BQ202500201;11/05/2025;BQ;511100;Encaissement FV202504-0238;17549,10;;NA;C0027;FV202504-0238
BQ202500201;11/05/2025;BQ;401100;JACQUOT ET FILS - reglement;;17549,10;NA;C0027;FV202504-0238
BQ202500284;11/05/2025;BQ;441100;ROCHE SARL - reglement;1477,02;;NA;F0009;FA202503-0043
BQ202500284;11/05/2025;BQ;511100;Paiement FA202503-0043;;1477,02;NA;F0009;FA202503-0043
BQ202500388;11/05/2025;BQ;441100;MARQUES - reglement;451,44;;NA;F0001;FA202504-0171
BQ202500388;11/05/2025;BQ;511100;Paiement FA202504-0171;;451,44;NA;F0001;FA202504-0171
AC202500160;12/05/2025;AC;606000;Achat de marchandises;3942,09;;A17;F0002;FA202505-0160
AC202500160;12/05/2025;AC;421611;TVA deductible 17%;670,16;;NA;F0002;FA202505-0160
AC202500160;12/05/2025;AC;441100;ALVES - Achat de marchandises;;4612,25;NA;F0002;FA202505-0160
BQ202500289;12/05/2025;BQ;441100;BOURDON S.A.R.L. - reglement;2712,75;;NA;F0004;FA202503-0048
BQ202500289;12/05/2025;BQ;511100;Paiement FA202503-0048;;2712,75;NA;F0004;FA202503-0048
BQ202500366;12/05/2025;BQ;441100;ROY BOUVIER SARL - reglement;723,46;;NA;F0005;FA202503-0146
BQ202500366;12/05/2025;BQ;511100;Paiement FA202503-0146;;723,46;NA;F0005;FA202503-0146
BQ202500411;12/05/2025;BQ;441100;THIBAULT BOUCHET SARL - reglement;9395,71;;NA;F0003;FA202504-0202
BQ202500411;12/05/2025;BQ;511100;Paiement FA202504-0202;;9395,71;NA;F0003;FA202504-0202
VE202500197;12/05/2025;VE;401100;GIMENEZ S.A. - Vente de marchandises;4558,41;;NA;C0004;FV202505-0197
VE202500197;12/05/2025;VE;702000;Vente de marchandises;;3896,08;S17;C0004;FV202505-0197
VE202500197;12/05/2025;VE;461411;TVA collectee 17%;;662,33;NA;C0004;FV202505-0197
AC202500088;13/05/2025;AC;606000;Achat de marchandises;2587,00;;A17;F0005;FA202505-0088
AC202500088;13/05/2025;AC;421611;TVA deductible 17%;439,79;;NA;F0005;FA202505-0088
AC202500088;13/05/2025;AC;441100;ROY BOUVIER SARL - Achat de marchandises;;3026,79;NA;F0005;FA202505-0088
AC202500130;13/05/2025;AC;617000;Telecommunications;797,69;;A17;F0007;FA202505-0130
AC202500130;13/05/2025;AC;421611;TVA deductible 17%;135,61;;NA;F0007;FA202505-0130
AC202500130;13/05/2025;AC;441100;BOUTIN SARL - Telecommunications;;933,30;NA;F0007;FA202505-0130
BQ202500361;13/05/2025;BQ;441100;ROY BOUVIER SARL - reglement;1219,42;;NA;F0005;FA202504-0135
BQ202500361;13/05/2025;BQ;511100;Paiement FA202504-0135;;1219,42;NA;F0005;FA202504-0135
VE202500056;13/05/2025;VE;401100;BRUNEAU S.A.S. - Prestation de services;4669,68;;NA;C0022;FV202505-0056
VE202500056;13/05/2025;VE;704000;Prestation de services;;3991,18;S17;C0022;FV202505-0056
VE202500056;13/05/2025;VE;461411;TVA collectee 17%;;678,50;NA;C0022;FV202505-0056
VE202500098;13/05/2025;VE;401100;DOS SANTOS BESNARD SA - Prestation de services;2063,07;;NA;C0026;FV202505-0098
VE202500098;13/05/2025;VE;704000;Prestation de services;;1763,31;S17;C0026;FV202505-0098
VE202500098;13/05/2025;VE;461411;TVA collectee 17%;;299,76;NA;C0026;FV202505-0098
VE202500099;13/05/2025;VE;401100;HENRY - Vente de marchandises - taux reduit;4320,76;;NA;C0010;FV202505-0099
VE202500099;13/05/2025;VE;702000;Vente de marchandises - taux reduit;;4000,70;S8;C0010;FV202505-0099
VE202500099;13/05/2025;VE;461413;TVA collectee 8%;;320,06;NA;C0010;FV202505-0099
VE202500145;13/05/2025;VE;401100;BOUTIN DUMAS ET FILS - Prestation de services;3915,79;;NA;C0008;FV202505-0145
VE202500145;13/05/2025;VE;704000;Prestation de services;;3346,83;S17;C0008;FV202505-0145
VE202500145;13/05/2025;VE;461411;TVA collectee 17%;;568,96;NA;C0008;FV202505-0145
AC202500016;14/05/2025;AC;617000;Telecommunications;285,62;;A17;F0002;FA202505-0016
AC202500016;14/05/2025;AC;421611;TVA deductible 17%;48,56;;NA;F0002;FA202505-0016
AC202500016;14/05/2025;AC;441100;ALVES - Telecommunications;;334,18;NA;F0002;FA202505-0016
AC202500092;14/05/2025;AC;614100;Honoraires comptables;2543,98;;A17;F0007;FA202505-0092
AC202500092;14/05/2025;AC;421611;TVA deductible 17%;432,48;;NA;F0007;FA202505-0092
AC202500092;14/05/2025;AC;441100;BOUTIN SARL - Honoraires comptables;;2976,46;NA;F0007;FA202505-0092
VE202500134;14/05/2025;VE;401100;ROUSSEL - Prestation de services;2046,42;;NA;C0001;FV202505-0134
VE202500134;14/05/2025;VE;704000;Prestation de services;;1749,08;S17;C0001;FV202505-0134
VE202500134;14/05/2025;VE;461411;TVA collectee 17%;;297,34;NA;C0001;FV202505-0134
VE202500214;14/05/2025;VE;401100;CHEVALIER SARL - Vente de produits finis;2041,71;;NA;C0011;FV202505-0214
VE202500214;14/05/2025;VE;705000;Vente de produits finis;;1745,05;S17;C0011;FV202505-0214
VE202500214;14/05/2025;VE;461411;TVA collectee 17%;;296,66;NA;C0011;FV202505-0214
AC202500105;15/05/2025;AC;614200;Honoraires juridiques;671,20;;A17;F0019;FA202505-0105
AC202500105;15/05/2025;AC;421611;TVA deductible 17%;114,10;;NA;F0019;FA202505-0105
AC202500105;15/05/2025;AC;441100;LACOMBE GUIBERT S.A. - Honoraires juridiques;;785,30;NA;F0019;FA202505-0105
AC202500143;15/05/2025;AC;611000;Loyer du mois;3200,00;;A0;F0021;FA202505-0143
AC202500143;15/05/2025;AC;441100;FOURNIER - Loyer du mois;;3200,00;NA;F0021;FA202505-0143
BQ202500279;15/05/2025;BQ;441100;ROY BOUVIER SARL - reglement;2494,24;;NA;F0005;FA202503-0036
BQ202500279;15/05/2025;BQ;511100;Paiement FA202503-0036;;2494,24;NA;F0005;FA202503-0036
BQ202500424;15/05/2025;BQ;441100;GUIBERT S.A. - reglement;219,68;;NA;F0011;FA202503-0222
BQ202500424;15/05/2025;BQ;511100;Paiement FA202503-0222;;219,68;NA;F0011;FA202503-0222
BQ202500427;15/05/2025;BQ;441100;GRONDIN - reglement;2204,07;;NA;F0020;FA202504-0227
BQ202500427;15/05/2025;BQ;511100;Paiement FA202504-0227;;2204,07;NA;F0020;FA202504-0227
VE202500198;15/05/2025;VE;401100;ROUSSEL - Prestation de services;405,43;;NA;C0001;FV202505-0198
VE202500198;15/05/2025;VE;704000;Prestation de services;;346,52;S17;C0001;FV202505-0198
VE202500198;15/05/2025;VE;461411;TVA collectee 17%;;58,91;NA;C0001;FV202505-0198
AC202500035;16/05/2025;AC;611500;Charges locatives;686,47;;A17;F0009;FA202505-0035
AC202500035;16/05/2025;AC;421611;TVA deductible 17%;116,70;;NA;F0009;FA202505-0035
AC202500035;16/05/2025;AC;441100;ROCHE SARL - Charges locatives;;803,17;NA;F0009;FA202505-0035
BQ202500110;17/05/2025;BQ;511100;Encaissement FV202504-0127;5521,72;;NA;C0009;FV202504-0127
BQ202500110;17/05/2025;BQ;401100;JACQUET SARL - reglement;;5521,72;NA;C0009;FV202504-0127
AC202500061;19/05/2025;AC;601000;Achat de matieres premieres;3362,44;;A17;F0009;FA202505-0061
AC202500061;19/05/2025;AC;421611;TVA deductible 17%;571,61;;NA;F0009;FA202505-0061
AC202500061;19/05/2025;AC;441100;ROCHE SARL - Achat de matieres premieres;;3934,05;NA;F0009;FA202505-0061
VE202500113;19/05/2025;VE;401100;ROUSSEL - Prestation de services;1771,39;;NA;C0001;FV202505-0113
VE202500113;19/05/2025;VE;704000;Prestation de services;;1514,01;S17;C0001;FV202505-0113
VE202500113;19/05/2025;VE;461411;TVA collectee 17%;;257,38;NA;C0001;FV202505-0113
VE202500254;19/05/2025;VE;401100;BONNEAU - Vente de biens - taux super-reduit;2227,48;;NA;C0007;FV202505-0254
VE202500254;19/05/2025;VE;702000;Vente de biens - taux super-reduit;;2162,60;S3;C0007;FV202505-0254
VE202500254;19/05/2025;VE;461414;TVA collectee 3%;;64,88;NA;C0007;FV202505-0254
AC202500010;20/05/2025;AC;612000;Entretien et reparations;2206,31;;A17;F0022;FA202505-0010
AC202500010;20/05/2025;AC;421611;TVA deductible 17%;375,07;;NA;F0022;FA202505-0010
AC202500010;20/05/2025;AC;441100;PHILIPPE - Entretien et reparations;;2581,38;NA;F0022;FA202505-0010
AC202500149;20/05/2025;AC;613000;Prime d'assurance;1413,94;;A0;F0021;FA202505-0149
AC202500149;20/05/2025;AC;441100;FOURNIER - Prime d'assurance;;1413,94;NA;F0021;FA202505-0149
BQ202500187;20/05/2025;BQ;511100;Encaissement FV202503-0221;3751,66;;NA;C0016;FV202503-0221
BQ202500187;20/05/2025;BQ;401100;ADAM VERDIER ET FILS - reglement;;3751,66;NA;C0016;FV202503-0221
BQ202500256;20/05/2025;BQ;441100;FOUCHER - reglement;4450,73;;NA;F0018;FA202504-0012
BQ202500256;20/05/2025;BQ;511100;Paiement FA202504-0012;;4450,73;NA;F0018;FA202504-0012
BQ202500426;20/05/2025;BQ;441100;GRONDIN - reglement;2362,30;;NA;F0020;FA202504-0226
BQ202500426;20/05/2025;BQ;511100;Paiement FA202504-0226;;2362,30;NA;F0020;FA202504-0226
AC202500094;21/05/2025;AC;614100;Honoraires comptables;2070,75;;A17;F0002;FA202505-0094
AC202500094;21/05/2025;AC;421611;TVA deductible 17%;352,03;;NA;F0002;FA202505-0094
AC202500094;21/05/2025;AC;441100;ALVES - Honoraires comptables;;2422,78;NA;F0002;FA202505-0094
BQ202500111;21/05/2025;BQ;511100;Encaissement FV202505-0128;5958,37;;NA;C0001;FV202505-0128
BQ202500111;21/05/2025;BQ;401100;ROUSSEL - reglement;;5958,37;NA;C0001;FV202505-0128
BQ202500176;21/05/2025;BQ;511100;Encaissement FV202504-0207;1698,18;;NA;C0020;FV202504-0207
BQ202500176;21/05/2025;BQ;401100;LECLERCQ S.A.S. - reglement;;1698,18;NA;C0020;FV202504-0207
VE202500075;21/05/2025;VE;401100;PARENT - Vente de marchandises;14021,60;;NA;C0028;FV202505-0075
VE202500075;21/05/2025;VE;702000;Vente de marchandises;;11984,27;S17;C0028;FV202505-0075
VE202500075;21/05/2025;VE;461411;TVA collectee 17%;;2037,33;NA;C0028;FV202505-0075
BQ202500119;22/05/2025;BQ;511100;Encaissement FV202504-0137;2966,17;;NA;C0003;FV202504-0137
BQ202500119;22/05/2025;BQ;401100;FAIVRE LELEU ET FILS - reglement;;2966,17;NA;C0003;FV202504-0137
VE202500171;22/05/2025;VE;401100;JACQUET - Prestation de services;18992,59;;NA;C0015;FV202505-0171
VE202500171;22/05/2025;VE;704000;Prestation de services;;16232,98;S17;C0015;FV202505-0171
VE202500171;22/05/2025;VE;461411;TVA collectee 17%;;2759,61;NA;C0015;FV202505-0171
AC202500066;23/05/2025;AC;617000;Telecommunications;253,24;;A17;F0013;FA202505-0066
AC202500066;23/05/2025;AC;421611;TVA deductible 17%;43,05;;NA;F0013;FA202505-0066
AC202500066;23/05/2025;AC;441100;FERRAND - Telecommunications;;296,29;NA;F0013;FA202505-0066
AC202500097;23/05/2025;AC;613000;Prime d'assurance;1218,32;;A0;F0003;FA202505-0097
AC202500097;23/05/2025;AC;441100;THIBAULT BOUCHET SARL - Prime d'assurance;;1218,32;NA;F0003;FA202505-0097
BQ202500042;23/05/2025;BQ;511100;Encaissement FV202503-0050;2490,86;;NA;C0016;FV202503-0050
BQ202500042;23/05/2025;BQ;401100;ADAM VERDIER ET FILS - reglement;;2490,86;NA;C0016;FV202503-0050
BQ202500078;23/05/2025;BQ;511100;Encaissement FV202503-0088;8826,08;;NA;C0001;FV202503-0088
BQ202500078;23/05/2025;BQ;401100;ROUSSEL - reglement;;8826,08;NA;C0001;FV202503-0088
VE202500104;23/05/2025;VE;401100;JOLY S.A.R.L. - Prestation de services;1714,41;;NA;C0002;FV202505-0104
VE202500104;23/05/2025;VE;704000;Prestation de services;;1465,31;S17;C0002;FV202505-0104
VE202500104;23/05/2025;VE;461411;TVA collectee 17%;;249,10;NA;C0002;FV202505-0104
BQ202500063;24/05/2025;BQ;511100;Encaissement FV202503-0073;5074,78;;NA;C0018;FV202503-0073
BQ202500063;24/05/2025;BQ;401100;BOUVET - reglement;;5074,78;NA;C0018;FV202503-0073
BQ202500091;24/05/2025;BQ;511100;Encaissement FV202504-0103;3095,68;;NA;C0011;FV202504-0103
BQ202500091;24/05/2025;BQ;401100;CHEVALIER SARL - reglement;;3095,68;NA;C0011;FV202504-0103
BQ202500097;24/05/2025;BQ;511100;Encaissement FV202504-0109;4266,76;;NA;C0013;FV202504-0109
BQ202500097;24/05/2025;BQ;401100;AUGER - reglement;;4266,76;NA;C0013;FV202504-0109
OD202500005;25/05/2025;OD;621000;Salaires bruts 05/2025;21094,89;;NA;;PAIE-05
OD202500005;25/05/2025;OD;622000;Charges patronales 05/2025;2742,34;;NA;;PAIE-05
OD202500005;25/05/2025;OD;462000;Cotisations CCSS;;5379,20;NA;;PAIE-05
OD202500005;25/05/2025;OD;471000;Net a payer;;18458,03;NA;;PAIE-05
AC202500152;26/05/2025;AC;611000;Loyer du mois;3200,00;;A0;F0010;FA202505-0152
AC202500152;26/05/2025;AC;441100;JACQUES S.A. - Loyer du mois;;3200,00;NA;F0010;FA202505-0152
AC202500205;26/05/2025;AC;607100;Fournitures de bureau;134,58;;A17;F0005;FA202505-0205
AC202500205;26/05/2025;AC;421611;TVA deductible 17%;22,88;;NA;F0005;FA202505-0205
AC202500205;26/05/2025;AC;441100;ROY BOUVIER SARL - Fournitures de bureau;;157,46;NA;F0005;FA202505-0205
BQ202500138;26/05/2025;BQ;511100;Encaissement FV202503-0159;2068,01;;NA;C0008;FV202503-0159
BQ202500138;26/05/2025;BQ;401100;BOUTIN DUMAS ET FILS - reglement;;2068,01;NA;C0008;FV202503-0159
BQ202500193;26/05/2025;BQ;511100;Encaissement FV202504-0230;2268,70;;NA;C0022;FV202504-0230
BQ202500193;26/05/2025;BQ;401100;BRUNEAU S.A.S. - reglement;;2268,70;NA;C0022;FV202504-0230
VE202500062;26/05/2025;VE;401100;FONTAINE LE ROUX SARL - Vente de marchandises;1789,44;;NA;C0006;FV202505-0062
VE202500062;26/05/2025;VE;702000;Vente de marchandises;;1529,44;S17;C0006;FV202505-0062
VE202500062;26/05/2025;VE;461411;TVA collectee 17%;;260,00;NA;C0006;FV202505-0062
VE202500125;26/05/2025;VE;401100;DOS SANTOS BESNARD SA - Prestation de services;6262,74;;NA;C0026;FV202505-0125
VE202500125;26/05/2025;VE;704000;Prestation de services;;5352,77;S17;C0026;FV202505-0125
VE202500125;26/05/2025;VE;461411;TVA collectee 17%;;909,97;NA;C0026;FV202505-0125
AC202500019;27/05/2025;AC;616100;Transport sur achats;714,32;;A17;F0004;FA202505-0019
AC202500019;27/05/2025;AC;421611;TVA deductible 17%;121,43;;NA;F0004;FA202505-0019
AC202500019;27/05/2025;AC;441100;BOURDON S.A.R.L. - Transport sur achats;;835,75;NA;F0004;FA202505-0019
BQ202500152;27/05/2025;BQ;511100;Encaissement FV202505-0176;2507,35;;NA;C0015;FV202505-0176
BQ202500152;27/05/2025;BQ;401100;JACQUET - reglement;;2507,35;NA;C0015;FV202505-0176
VE202500060;27/05/2025;VE;401100;DIAZ PETITJEAN ET FILS - Prestation de services;1541,86;;NA;C0017;FV202505-0060
VE202500060;27/05/2025;VE;704000;Prestation de services;;1317,83;S17;C0017;FV202505-0060
VE202500060;27/05/2025;VE;461411;TVA collectee 17%;;224,03;NA;C0017;FV202505-0060
VE202500139;27/05/2025;VE;401100;CHEVALIER SARL - Prestation de services;4334,77;;NA;C0011;FV202505-0139
VE202500139;27/05/2025;VE;704000;Prestation de services;;3704,93;S17;C0011;FV202505-0139
VE202500139;27/05/2025;VE;461411;TVA collectee 17%;;629,84;NA;C0011;FV202505-0139
VE202500182;27/05/2025;VE;401100;BOUTIN DUMAS ET FILS - Vente de marchandises;4714,67;;NA;C0008;FV202505-0182
VE202500182;27/05/2025;VE;702000;Vente de marchandises;;4029,63;S17;C0008;FV202505-0182
VE202500182;27/05/2025;VE;461411;TVA collectee 17%;;685,04;NA;C0008;FV202505-0182
VE202500297;27/05/2025;VE;401100;BARTHELEMY S.A.S. - Vente de marchandises - taux reduit;1685,80;;NA;C0005;FV202505-0297
VE202500297;27/05/2025;VE;702000;Vente de marchandises - taux reduit;;1560,93;S8;C0005;FV202505-0297
VE202500297;27/05/2025;VE;461413;TVA collectee 8%;;124,87;NA;C0005;FV202505-0297
BQ202500117;28/05/2025;BQ;511100;Encaissement FV202505-0134;2046,42;;NA;C0001;FV202505-0134
BQ202500117;28/05/2025;BQ;401100;ROUSSEL - reglement;;2046,42;NA;C0001;FV202505-0134
BQ202500203;28/05/2025;BQ;511100;Encaissement FV202504-0247;2976,66;;NA;C0028;FV202504-0247
BQ202500203;28/05/2025;BQ;401100;PARENT - reglement;;2976,66;NA;C0028;FV202504-0247
BQ202500452;28/05/2025;BQ;618000;Frais de tenue de compte;57,63;;NA;;BQ-FRAIS-05
BQ202500452;28/05/2025;BQ;511100;Frais bancaires;;57,63;NA;;BQ-FRAIS-05
BQ202500453;28/05/2025;BQ;192100;Remboursement emprunt - capital;1600,00;;NA;;EMP-05
BQ202500453;28/05/2025;BQ;655000;Interets de l'emprunt;231,47;;NA;;EMP-05
BQ202500453;28/05/2025;BQ;511100;Echeance emprunt;;1831,47;NA;;EMP-05
BQ202500476;28/05/2025;BQ;471000;Virement des salaires;18458,03;;NA;;PAIE-05
BQ202500476;28/05/2025;BQ;511100;Virement des salaires;;18458,03;NA;;PAIE-05
BQ202500477;28/05/2025;BQ;462000;Paiement CCSS;5379,20;;NA;;CCSS-05
BQ202500477;28/05/2025;BQ;511100;Paiement CCSS;;5379,20;NA;;CCSS-05
VE202500193;28/05/2025;VE;401100;CHEVALIER SARL - Vente de marchandises;2214,83;;NA;C0011;FV202505-0193
VE202500193;28/05/2025;VE;702000;Vente de marchandises;;1893,02;S17;C0011;FV202505-0193
VE202500193;28/05/2025;VE;461411;TVA collectee 17%;;321,81;NA;C0011;FV202505-0193
VE202500228;28/05/2025;VE;401100;BONNEAU - Vente de produits finis;3789,92;;NA;C0007;FV202505-0228
VE202500228;28/05/2025;VE;705000;Vente de produits finis;;3239,25;S17;C0007;FV202505-0228
VE202500228;28/05/2025;VE;461411;TVA collectee 17%;;550,67;NA;C0007;FV202505-0228
BQ202500197;29/05/2025;BQ;511100;Encaissement FV202503-0234;685,22;;NA;C0017;FV202503-0234
BQ202500197;29/05/2025;BQ;401100;DIAZ PETITJEAN ET FILS - reglement;;685,22;NA;C0017;FV202503-0234
VE202500106;29/05/2025;VE;401100;LESAGE - Prestation de services;4389,02;;NA;C0024;FV202505-0106
VE202500106;29/05/2025;VE;704000;Prestation de services;;3751,30;S17;C0024;FV202505-0106
VE202500106;29/05/2025;VE;461411;TVA collectee 17%;;637,72;NA;C0024;FV202505-0106
AC202500089;30/05/2025;AC;617000;Telecommunications;906,06;;A17;F0006;FA202505-0089
AC202500089;30/05/2025;AC;421611;TVA deductible 17%;154,03;;NA;F0006;FA202505-0089
AC202500089;30/05/2025;AC;441100;GILLES CLERC SARL - Telecommunications;;1060,09;NA;F0006;FA202505-0089
BQ202500253;30/05/2025;BQ;441100;THIBAULT BOUCHET SARL - reglement;6353,43;;NA;F0003;FA202504-0007
BQ202500253;30/05/2025;BQ;511100;Paiement FA202504-0007;;6353,43;NA;F0003;FA202504-0007
BQ202500434;30/05/2025;BQ;441100;FOURNIER - reglement;1581,03;;NA;F0021;FA202504-0238
BQ202500434;30/05/2025;BQ;511100;Paiement FA202504-0238;;1581,03;NA;F0021;FA202504-0238
VE202500252;30/05/2025;VE;401100;AUGER - Vente de marchandises;9596,34;;NA;C0013;FV202505-0252
VE202500252;30/05/2025;VE;702000;Vente de marchandises;;8202,00;S17;C0013;FV202505-0252
VE202500252;30/05/2025;VE;461411;TVA collectee 17%;;1394,34;NA;C0013;FV202505-0252
VE202500276;30/05/2025;VE;401100;REY - Prestation de services;9082,07;;NA;C0025;FV202505-0276
VE202500276;30/05/2025;VE;704000;Prestation de services;;7762,45;S17;C0025;FV202505-0276
VE202500276;30/05/2025;VE;461411;TVA collectee 17%;;1319,62;NA;C0025;FV202505-0276
BQ202500337;31/05/2025;BQ;441100;FOURNIER - reglement;2620,39;;NA;F0021;FA202504-0108
BQ202500337;31/05/2025;BQ;511100;Paiement FA202504-0108;;2620,39;NA;F0021;FA202504-0108
OD202500023;31/05/2025;OD;461411;Solde TVA collectee 05/2025;17967,34;;NA;;TVA-05
OD202500023;31/05/2025;OD;461413;Solde TVA collectee 05/2025;444,93;;NA;;TVA-05
OD202500023;31/05/2025;OD;461414;Solde TVA collectee 05/2025;64,88;;NA;;TVA-05
OD202500023;31/05/2025;OD;421611;Solde TVA deductible 05/2025;;5189,00;NA;;TVA-05
OD202500023;31/05/2025;OD;421613;Solde TVA deductible 05/2025;;301,03;NA;;TVA-05
OD202500023;31/05/2025;OD;461500;TVA due 05/2025;;12987,12;NA;;TVA-05
BQ202500207;01/06/2025;BQ;511100;Encaissement FV202505-0254;2227,48;;NA;C0007;FV202505-0254
BQ202500207;01/06/2025;BQ;401100;BONNEAU - reglement;;2227,48;NA;C0007;FV202505-0254
BQ202500341;01/06/2025;BQ;441100;FERRAND - reglement;13356,54;;NA;F0013;FA202504-0112
BQ202500341;01/06/2025;BQ;511100;Paiement FA202504-0112;;13356,54;NA;F0013;FA202504-0112
BQ202500368;01/06/2025;BQ;441100;FOURNIER - reglement;1413,94;;NA;F0021;FA202505-0149
BQ202500368;01/06/2025;BQ;511100;Paiement FA202505-0149;;1413,94;NA;F0021;FA202505-0149
AC202500058;02/06/2025;AC;606000;Achat de marchandises;1963,97;;A17;F0022;FA202506-0058
AC202500058;02/06/2025;AC;421611;TVA deductible 17%;333,87;;NA;F0022;FA202506-0058
AC202500058;02/06/2025;AC;441100;PHILIPPE - Achat de marchandises;;2297,84;NA;F0022;FA202506-0058
VE202500036;02/06/2025;VE;401100;HENRY - Prestation de services;11304,70;;NA;C0010;FV202506-0036
VE202500036;02/06/2025;VE;704000;Prestation de services;;9662,14;S17;C0010;FV202506-0036
VE202500036;02/06/2025;VE;461411;TVA collectee 17%;;1642,56;NA;C0010;FV202506-0036
AC202500093;03/06/2025;AC;606000;Achat de marchandises - taux reduit;5391,05;;A8;F0020;FA202506-0093
AC202500093;03/06/2025;AC;421613;TVA deductible 8%;431,28;;NA;F0020;FA202506-0093
AC202500093;03/06/2025;AC;441100;GRONDIN - Achat de marchandises - taux reduit;;5822,33;NA;F0020;FA202506-0093
BQ202500086;03/06/2025;BQ;511100;Encaissement FV202504-0096;2577,10;;NA;C0006;FV202504-0096
BQ202500086;03/06/2025;BQ;401100;FONTAINE LE ROUX SARL - reglement;;2577,10;NA;C0006;FV202504-0096
BQ202500321;03/06/2025;BQ;441100;ALVES - reglement;3035,50;;NA;F0002;FA202504-0084
BQ202500321;03/06/2025;BQ;511100;Paiement FA202504-0084;;3035,50;NA;F0002;FA202504-0084
VE202500149;03/06/2025;VE;401100;BOUVET - Vente de marchandises;917,48;;NA;C0018;FV202506-0149
VE202500149;03/06/2025;VE;702000;Vente de marchandises;;784,17;S17;C0018;FV202506-0149
VE202500149;03/06/2025;VE;461411;TVA collectee 17%;;133,31;NA;C0018;FV202506-0149
AC202500158;04/06/2025;AC;617000;Telecommunications;202,53;;A17;F0003;FA202506-0158
AC202500158;04/06/2025;AC;421611;TVA deductible 17%;34,43;;NA;F0003;FA202506-0158
AC202500158;04/06/2025;AC;441100;THIBAULT BOUCHET SARL - Telecommunications;;236,96;NA;F0003;FA202506-0158
BQ202500126;04/06/2025;BQ;511100;Encaissement FV202505-0145;3915,79;;NA;C0008;FV202505-0145
BQ202500126;04/06/2025;BQ;401100;BOUTIN DUMAS ET FILS - reglement;;3915,79;NA;C0008;FV202505-0145
BQ202500169;04/06/2025;BQ;511100;Encaissement FV202504-0195;3919,91;;NA;C0025;FV202504-0195
BQ202500169;04/06/2025;BQ;401100;REY - reglement;;3919,91;NA;C0025;FV202504-0195
BQ202500311;04/06/2025;BQ;441100;BOUTIN SARL - reglement;506,71;;NA;F0007;FA202504-0073
BQ202500311;04/06/2025;BQ;511100;Paiement FA202504-0073;;506,71;NA;F0007;FA202504-0073
BQ202500316;04/06/2025;BQ;441100;LAPORTE MULLER SA - reglement;1382,98;;NA;F0016;FA202505-0078
BQ202500316;04/06/2025;BQ;511100;Paiement FA202505-0078;;1382,98;NA;F0016;FA202505-0078
VE202500035;04/06/2025;VE;401100;BOUTIN DUMAS ET FILS - Vente de marchandises - taux reduit;6266,97;;NA;C0008;FV202506-0035
VE202500035;04/06/2025;VE;702000;Vente de marchandises - taux reduit;;5802,75;S8;C0008;FV202506-0035
VE202500035;04/06/2025;VE;461413;TVA collectee 8%;;464,22;NA;C0008;FV202506-0035
AC202500003;05/06/2025;AC;606000;Acquisition intracommunautaire;10771,17;;AIC;F0001;FA202506-0003
AC202500003;05/06/2025;AC;421611;TVA deductible sur acquisition intracommunautaire;1831,10;;NA;F0001;FA202506-0003
AC202500003;05/06/2025;AC;461411;TVA due sur acquisition intracommunautaire;;1831,10;NA;F0001;FA202506-0003
AC202500003;05/06/2025;AC;441100;MARQUES - Acquisition intracommunautaire;;10771,17;NA;F0001;FA202506-0003
AC202500018;05/06/2025;AC;612000;Entretien et reparations;3318,43;;A17;F0003;FA202506-0018
AC202500018;05/06/2025;AC;421611;TVA deductible 17%;564,13;;NA;F0003;FA202506-0018
AC202500018;05/06/2025;AC;441100;THIBAULT BOUCHET SARL - Entretien et reparations;;3882,56;NA;F0003;FA202506-0018
AC202500080;05/06/2025;AC;616200;Frais de restaurant;223,71;;A3;F0016;FA202506-0080
AC202500080;05/06/2025;AC;421614;TVA deductible 3%;6,71;;NA;F0016;FA202506-0080
AC202500080;05/06/2025;AC;441100;LAPORTE MULLER SA - Frais de restaurant;;230,42;NA;F0016;FA202506-0080
BQ202500373;05/06/2025;BQ;441100;BOUTIN SARL - reglement;10637,59;;NA;F0007;FA202504-0155
BQ202500373;05/06/2025;BQ;511100;Paiement FA202504-0155;;10637,59;NA;F0007;FA202504-0155
VE202500261;05/06/2025;VE;401100;ROUSSEL - Prestation intracommunautaire;655,01;;NA;C0001;FV202506-0261
VE202500261;05/06/2025;VE;704000;Prestation intracommunautaire;;655,01;SIC;C0001;FV202506-0261
BQ202500148;07/06/2025;BQ;511100;Encaissement FV202505-0171;18992,59;;NA;C0015;FV202505-0171
BQ202500148;07/06/2025;BQ;401100;JACQUET - reglement;;18992,59;NA;C0015;FV202505-0171
BQ202500260;07/06/2025;BQ;441100;ALVES - reglement;334,18;;NA;F0002;FA202505-0016
BQ202500260;07/06/2025;BQ;511100;Paiement FA202505-0016;;334,18;NA;F0002;FA202505-0016
BQ202500428;08/06/2025;BQ;441100;DUVAL - reglement;1701,25;;NA;F0008;FA202504-0228
BQ202500428;08/06/2025;BQ;511100;Paiement FA202504-0228;;1701,25;NA;F0008;FA202504-0228
BQ202500079;09/06/2025;BQ;511100;Encaissement FV202504-0089;13697,92;;NA;C0023;FV202504-0089
BQ202500079;09/06/2025;BQ;401100;COLLET - reglement;;13697,92;NA;C0023;FV202504-0089
BQ202500244;09/06/2025;BQ;511100;Encaissement FV202503-0296;7500,44;;NA;C0024;FV202503-0296
BQ202500244;09/06/2025;BQ;401100;LESAGE - reglement;;7500,44;NA;C0024;FV202503-0296
BQ202500291;09/06/2025;BQ;441100;BOUTIN SARL - reglement;3476,58;;NA;F0007;FA202504-0051
BQ202500291;09/06/2025;BQ;511100;Paiement FA202504-0051;;3476,58;NA;F0007;FA202504-0051
VE202500100;09/06/2025;VE;401100;JOLY S.A.R.L. - Prestation de services;4601,19;;NA;C0002;FV202506-0100
VE202500100;09/06/2025;VE;704000;Prestation de services;;3932,64;S17;C0002;FV202506-0100
VE202500100;09/06/2025;VE;461411;TVA collectee 17%;;668,55;NA;C0002;FV202506-0100
AC202500053;10/06/2025;AC;606000;Achat de marchandises;11492,94;;A17;F0013;FA202506-0053
AC202500053;10/06/2025;AC;421611;TVA deductible 17%;1953,80;;NA;F0013;FA202506-0053
AC202500053;10/06/2025;AC;441100;FERRAND - Achat de marchandises;;13446,74;NA;F0013;FA202506-0053
VE202500126;10/06/2025;VE;401100;REY - Vente de produits finis;3598,26;;NA;C0025;FV202506-0126
VE202500126;10/06/2025;VE;705000;Vente de produits finis;;3075,44;S17;C0025;FV202506-0126
VE202500126;10/06/2025;VE;461411;TVA collectee 17%;;522,82;NA;C0025;FV202506-0126
BQ202500108;11/06/2025;BQ;511100;Encaissement FV202505-0125;6262,74;;NA;C0026;FV202505-0125
BQ202500108;11/06/2025;BQ;401100;DOS SANTOS BESNARD SA - reglement;;6262,74;NA;C0026;FV202505-0125
BQ202500157;11/06/2025;BQ;511100;Encaissement FV202504-0181;191,21;;NA;C0016;FV202504-0181
BQ202500157;11/06/2025;BQ;401100;ADAM VERDIER ET FILS - reglement;;191,21;NA;C0016;FV202504-0181
VE202500287;11/06/2025;VE;401100;COLLET - Prestation de services;11480,61;;NA;C0023;FV202506-0287
VE202500287;11/06/2025;VE;704000;Prestation de services;;9812,49;S17;C0023;FV202506-0287
VE202500287;11/06/2025;VE;461411;TVA collectee 17%;;1668,12;NA;C0023;FV202506-0287
AC202500021;12/06/2025;AC;606000;Achat de marchandises;12698,55;;A17;F0011;FA202506-0021
AC202500021;12/06/2025;AC;421611;TVA deductible 17%;2158,75;;NA;F0011;FA202506-0021
AC202500021;12/06/2025;AC;441100;GUIBERT S.A. - Achat de marchandises;;14857,30;NA;F0011;FA202506-0021
AC202500192;12/06/2025;AC;614300;Abonnements logiciels;145,81;;A17;F0014;FA202506-0192
AC202500192;12/06/2025;AC;421611;TVA deductible 17%;24,79;;NA;F0014;FA202506-0192
AC202500192;12/06/2025;AC;441100;BOUSQUET - Abonnements logiciels;;170,60;NA;F0014;FA202506-0192
AC202500214;12/06/2025;AC;607200;Electricite et gaz;1846,25;;A8;F0008;FA202506-0214
AC202500214;12/06/2025;AC;421613;TVA deductible 8%;147,70;;NA;F0008;FA202506-0214
AC202500214;12/06/2025;AC;441100;DUVAL - Electricite et gaz;;1993,95;NA;F0008;FA202506-0214
AC202500247;12/06/2025;AC;611500;Charges locatives;491,86;;A17;F0011;FA202506-0247
AC202500247;12/06/2025;AC;421611;TVA deductible 17%;83,62;;NA;F0011;FA202506-0247
AC202500247;12/06/2025;AC;441100;GUIBERT S.A. - Charges locatives;;575,48;NA;F0011;FA202506-0247
BQ202500324;12/06/2025;BQ;441100;GILLES CLERC SARL - reglement;1060,09;;NA;F0006;FA202505-0089
BQ202500324;12/06/2025;BQ;511100;Paiement FA202505-0089;;1060,09;NA;F0006;FA202505-0089
BQ202500335;12/06/2025;BQ;441100;LACOMBE GUIBERT S.A. - reglement;785,30;;NA;F0019;FA202505-0105
BQ202500335;12/06/2025;BQ;511100;Paiement FA202505-0105;;785,30;NA;F0019;FA202505-0105
VE202500016;12/06/2025;VE;401100;ROUSSEL - Produit annexe - taux intermediaire;9372,99;;NA;C0001;FV202506-0016
VE202500016;12/06/2025;VE;708000;Produit annexe - taux intermediaire;;8221,92;S14;C0001;FV202506-0016
VE202500016;12/06/2025;VE;461412;TVA collectee 14%;;1151,07;NA;C0001;FV202506-0016
VE202500081;12/06/2025;VE;401100;ADAM VERDIER ET FILS - Prestation intracommunautaire;2896,29;;NA;C0016;FV202506-0081
VE202500081;12/06/2025;VE;704000;Prestation intracommunautaire;;2896,29;SIC;C0016;FV202506-0081
VE202500083;12/06/2025;VE;401100;CHEVALIER SARL - Vente de biens - taux super-reduit;1733,42;;NA;C0011;FV202506-0083
VE202500083;12/06/2025;VE;702000;Vente de biens - taux super-reduit;;1682,93;S3;C0011;FV202506-0083
VE202500083;12/06/2025;VE;461414;TVA collectee 3%;;50,49;NA;C0011;FV202506-0083
VE202500115;12/06/2025;VE;401100;BONNEAU - Prestation de services;1691,27;;NA;C0007;FV202506-0115
VE202500115;12/06/2025;VE;704000;Prestation de services;;1445,53;S17;C0007;FV202506-0115
VE202500115;12/06/2025;VE;461411;TVA collectee 17%;;245,74;NA;C0007;FV202506-0115
AC202500107;13/06/2025;AC;606000;Achat de marchandises - taux reduit;5081,76;;A8;F0013;FA202506-0107
AC202500107;13/06/2025;AC;421613;TVA deductible 8%;406,54;;NA;F0013;FA202506-0107
AC202500107;13/06/2025;AC;441100;FERRAND - Achat de marchandises - taux reduit;;5488,30;NA;F0013;FA202506-0107
BQ202500120;13/06/2025;BQ;511100;Encaissement FV202504-0138;3024,11;;NA;C0020;FV202504-0138
BQ202500120;13/06/2025;BQ;401100;LECLERCQ S.A.S. - reglement;;3024,11;NA;C0020;FV202504-0138
BQ202500209;13/06/2025;BQ;511100;Encaissement FV202504-0256;2922,12;;NA;C0006;FV202504-0256
BQ202500209;13/06/2025;BQ;401100;FONTAINE LE ROUX SARL - reglement;;2922,12;NA;C0006;FV202504-0256
BQ202500297;13/06/2025;BQ;441100;FOURNIER - reglement;867,08;;NA;F0021;FA202504-0059
BQ202500297;13/06/2025;BQ;511100;Paiement FA202504-0059;;867,08;NA;F0021;FA202504-0059
VE202500189;13/06/2025;VE;401100;PARENT - Prestation de services;4349,60;;NA;C0028;FV202506-0189
VE202500189;13/06/2025;VE;704000;Prestation de services;;3717,61;S17;C0028;FV202506-0189
VE202500189;13/06/2025;VE;461411;TVA collectee 17%;;631,99;NA;C0028;FV202506-0189
VE202500227;13/06/2025;VE;401100;LECLERCQ S.A.S. - Vente de marchandises;2520,80;;NA;C0020;FV202506-0227
VE202500227;13/06/2025;VE;702000;Vente de marchandises;;2154,53;S17;C0020;FV202506-0227
VE202500227;13/06/2025;VE;461411;TVA collectee 17%;;366,27;NA;C0020;FV202506-0227
BQ202500243;14/06/2025;BQ;511100;Encaissement FV202504-0295;837,52;;NA;C0020;FV202504-0295
BQ202500243;14/06/2025;BQ;401100;LECLERCQ S.A.S. - reglement;;837,52;NA;C0020;FV202504-0295
BQ202500222;16/06/2025;BQ;511100;Encaissement FV202504-0271;1086,03;;NA;C0009;FV202504-0271
BQ202500222;16/06/2025;BQ;401100;JACQUET SARL - reglement;;1086,03;NA;C0009;FV202504-0271
VE202500257;16/06/2025;VE;401100;COLLET - Prestation de services;1170,29;;NA;C0023;FV202506-0257
VE202500257;16/06/2025;VE;704000;Prestation de services;;1000,25;S17;C0023;FV202506-0257
VE202500257;16/06/2025;VE;461411;TVA collectee 17%;;170,04;NA;C0023;FV202506-0257
AC202500121;17/06/2025;AC;616200;Frais de restaurant;72,99;;A3;F0018;FA202506-0121
AC202500121;17/06/2025;AC;421614;TVA deductible 3%;2,19;;NA;F0018;FA202506-0121
AC202500121;17/06/2025;AC;441100;FOUCHER - Frais de restaurant;;75,18;NA;F0018;FA202506-0121
BQ202500257;17/06/2025;BQ;441100;ALVES - reglement;337,50;;NA;F0002;FA202504-0013
BQ202500257;17/06/2025;BQ;511100;Paiement FA202504-0013;;337,50;NA;F0002;FA202504-0013
VE202500030;18/06/2025;VE;401100;LECLERCQ S.A.S. - Vente de marchandises;767,27;;NA;C0020;FV202506-0030
VE202500030;18/06/2025;VE;702000;Vente de marchandises;;655,79;S17;C0020;FV202506-0030
VE202500030;18/06/2025;VE;461411;TVA collectee 17%;;111,48;NA;C0020;FV202506-0030
VE202500072;18/06/2025;VE;401100;COLLET - Prestation de services;4141,19;;NA;C0023;FV202506-0072
VE202500072;18/06/2025;VE;704000;Prestation de services;;3539,48;S17;C0023;FV202506-0072
VE202500072;18/06/2025;VE;461411;TVA collectee 17%;;601,71;NA;C0023;FV202506-0072
BQ202500278;19/06/2025;BQ;441100;ROCHE SARL - reglement;803,17;;NA;F0009;FA202505-0035
BQ202500278;19/06/2025;BQ;511100;Paiement FA202505-0035;;803,17;NA;F0009;FA202505-0035
VE202500294;19/06/2025;VE;401100;BRUNEAU S.A.S. - Prestation de services;2482,88;;NA;C0022;FV202506-0294
VE202500294;19/06/2025;VE;704000;Prestation de services;;2122,12;S17;C0022;FV202506-0294
VE202500294;19/06/2025;VE;461411;TVA collectee 17%;;360,76;NA;C0022;FV202506-0294
VE202500121;20/06/2025;VE;401100;BRUNEAU S.A.S. - Prestation de services;9041,97;;NA;C0022;FV202506-0121
VE202500121;20/06/2025;VE;704000;Prestation de services;;7728,18;S17;C0022;FV202506-0121
VE202500121;20/06/2025;VE;461411;TVA collectee 17%;;1313,79;NA;C0022;FV202506-0121
BQ202500174;21/06/2025;BQ;511100;Encaissement FV202504-0205;6303,40;;NA;C0026;FV202504-0205
BQ202500174;21/06/2025;BQ;401100;DOS SANTOS BESNARD SA - reglement;;6303,40;NA;C0026;FV202504-0205
BQ202500130;22/06/2025;BQ;511100;Encaissement FV202506-0149;917,48;;NA;C0018;FV202506-0149
BQ202500130;22/06/2025;BQ;401100;BOUVET - reglement;;917,48;NA;C0018;FV202506-0149
BQ202500277;22/06/2025;BQ;441100;BOUSQUET - reglement;316,64;;NA;F0014;FA202504-0034
BQ202500277;22/06/2025;BQ;511100;Paiement FA202504-0034;;316,64;NA;F0014;FA202504-0034
BQ202500331;22/06/2025;BQ;441100;BOUSQUET - reglement;1173,99;;NA;F0014;FA202505-0098
BQ202500331;22/06/2025;BQ;511100;Paiement FA202505-0098;;1173,99;NA;F0014;FA202505-0098
BQ202500416;22/06/2025;BQ;441100;DUVAL - reglement;1993,95;;NA;F0008;FA202506-0214
BQ202500416;22/06/2025;BQ;511100;Paiement FA202506-0214;;1993,95;NA;F0008;FA202506-0214
BQ202500356;23/06/2025;BQ;441100;BOUTIN SARL - reglement;933,30;;NA;F0007;FA202505-0130
BQ202500356;23/06/2025;BQ;511100;Paiement FA202505-0130;;933,30;NA;F0007;FA202505-0130
VE202500179;23/06/2025;VE;401100;ROUSSEL - Vente de marchandises;433,54;;NA;C0001;FV202506-0179
VE202500179;23/06/2025;VE;702000;Vente de marchandises;;370,55;S17;C0001;FV202506-0179
VE202500179;23/06/2025;VE;461411;TVA collectee 17%;;62,99;NA;C0001;FV202506-0179
VE202500240;23/06/2025;VE;401100;BOUVET - Vente de marchandises;8064,76;;NA;C0018;FV202506-0240
VE202500240;23/06/2025;VE;702000;Vente de marchandises;;6892,96;S17;C0018;FV202506-0240
VE202500240;23/06/2025;VE;461411;TVA collectee 17%;;1171,80;NA;C0018;FV202506-0240
AC202500060;25/06/2025;AC;612000;Entretien et reparations;2694,53;;A17;F0012;FA202506-0060
AC202500060;25/06/2025;AC;421611;TVA deductible 17%;458,07;;NA;F0012;FA202506-0060
AC202500060;25/06/2025;AC;441100;GRÉGOIRE - Entretien et reparations;;3152,60;NA;F0012;FA202506-0060
AC202500071;25/06/2025;AC;601000;Achat de matieres premieres;3867,06;;A17;F0019;FA202506-0071
AC202500071;25/06/2025;AC;421611;TVA deductible 17%;657,40;;NA;F0019;FA202506-0071
AC202500071;25/06/2025;AC;441100;LACOMBE GUIBERT S.A. - Achat de matieres premieres;;4524,46;NA;F0019;FA202506-0071
AC202500129;25/06/2025;AC;606000;Achat de marchandises - taux reduit;5316,98;;A8;F0004;FA202506-0129
AC202500129;25/06/2025;AC;421613;TVA deductible 8%;425,36;;NA;F0004;FA202506-0129
AC202500129;25/06/2025;AC;441100;BOURDON S.A.R.L. - Achat de marchandises - taux reduit;;5742,34;NA;F0004;FA202506-0129
BQ202500004;25/06/2025;BQ;511100;Encaissement FV202505-0005;3118,87;;NA;C0021;FV202505-0005
BQ202500004;25/06/2025;BQ;401100;FISCHER - reglement;;3118,87;NA;C0021;FV202505-0005
OD202500006;25/06/2025;OD;621000;Salaires bruts 06/2025;22286,33;;NA;;PAIE-06
OD202500006;25/06/2025;OD;622000;Charges patronales 06/2025;2897,22;;NA;;PAIE-06
OD202500006;25/06/2025;OD;462000;Cotisations CCSS;;5683,01;NA;;PAIE-06
OD202500006;25/06/2025;OD;471000;Net a payer;;19500,54;NA;;PAIE-06
BQ202500226;26/06/2025;BQ;511100;Encaissement FV202505-0276;9082,07;;NA;C0025;FV202505-0276
BQ202500226;26/06/2025;BQ;401100;REY - reglement;;9082,07;NA;C0025;FV202505-0276
BQ202500275;26/06/2025;BQ;441100;MARQUES - reglement;3228,31;;NA;F0001;FA202505-0032
BQ202500275;26/06/2025;BQ;511100;Paiement FA202505-0032;;3228,31;NA;F0001;FA202505-0032
BQ202500328;26/06/2025;BQ;441100;ALVES - reglement;2422,78;;NA;F0002;FA202505-0094
BQ202500328;26/06/2025;BQ;511100;Paiement FA202505-0094;;2422,78;NA;F0002;FA202505-0094
BQ202500378;26/06/2025;BQ;441100;ALVES - reglement;4612,25;;NA;F0002;FA202505-0160
BQ202500378;26/06/2025;BQ;511100;Paiement FA202505-0160;;4612,25;NA;F0002;FA202505-0160
AC202500168;27/06/2025;AC;607100;Fournitures de bureau;790,42;;A17;F0021;FA202506-0168
AC202500168;27/06/2025;AC;421611;TVA deductible 17%;134,37;;NA;F0021;FA202506-0168
AC202500168;27/06/2025;AC;441100;FOURNIER - Fournitures de bureau;;924,79;NA;F0021;FA202506-0168
AC202500175;27/06/2025;AC;607100;Fournitures de bureau;724,11;;A17;F0008;FA202506-0175
AC202500175;27/06/2025;AC;421611;TVA deductible 17%;123,10;;NA;F0008;FA202506-0175
AC202500175;27/06/2025;AC;441100;DUVAL - Fournitures de bureau;;847,21;NA;F0008;FA202506-0175
AC202500189;27/06/2025;AC;606000;Achat de marchandises - taux reduit;1898,30;;A8;F0010;FA202506-0189
AC202500189;27/06/2025;AC;421613;TVA deductible 8%;151,86;;NA;F0010;FA202506-0189
AC202500189;27/06/2025;AC;441100;JACQUES S.A. - Achat de marchandises - taux reduit;;2050,16;NA;F0010;FA202506-0189
AC202500241;27/06/2025;AC;606000;Acquisition intracommunautaire;5818,83;;AIC;F0003;FA202506-0241
AC202500241;27/06/2025;AC;421611;TVA deductible sur acquisition intracommunautaire;989,20;;NA;F0003;FA202506-0241
AC202500241;27/06/2025;AC;461411;TVA due sur acquisition intracommunautaire;;989,20;NA;F0003;FA202506-0241
AC202500241;27/06/2025;AC;441100;THIBAULT BOUCHET SARL - Acquisition intracommunautaire;;5818,83;NA;F0003;FA202506-0241
VE202500216;27/06/2025;VE;401100;ROUSSEL - Exportation hors UE;3069,11;;NA;C0001;FV202506-0216
VE202500216;27/06/2025;VE;702000;Exportation hors UE;;3069,11;SEX;C0001;FV202506-0216
BQ202500088;28/06/2025;BQ;511100;Encaissement FV202505-0099;4320,76;;NA;C0010;FV202505-0099
BQ202500088;28/06/2025;BQ;401100;HENRY - reglement;;4320,76;NA;C0010;FV202505-0099
BQ202500163;28/06/2025;BQ;511100;Encaissement FV202506-0189;4349,60;;NA;C0028;FV202506-0189
BQ202500163;28/06/2025;BQ;401100;PARENT - reglement;;4349,60;NA;C0028;FV202506-0189
BQ202500454;28/06/2025;BQ;618000;Frais de tenue de compte;66,42;;NA;;BQ-FRAIS-06
BQ202500454;28/06/2025;BQ;511100;Frais bancaires;;66,42;NA;;BQ-FRAIS-06
BQ202500455;28/06/2025;BQ;192100;Remboursement emprunt - capital;1600,00;;NA;;EMP-06
BQ202500455;28/06/2025;BQ;655000;Interets de l'emprunt;227,33;;NA;;EMP-06
BQ202500455;28/06/2025;BQ;511100;Echeance emprunt;;1827,33;NA;;EMP-06
BQ202500478;28/06/2025;BQ;471000;Virement des salaires;19500,54;;NA;;PAIE-06
BQ202500478;28/06/2025;BQ;511100;Virement des salaires;;19500,54;NA;;PAIE-06
BQ202500479;28/06/2025;BQ;462000;Paiement CCSS;5683,01;;NA;;CCSS-06
BQ202500479;28/06/2025;BQ;511100;Paiement CCSS;;5683,01;NA;;CCSS-06
OD202500014;28/06/2025;OD;221900;Amortissement T2;;1125,00;NA;;AMORT-T2
OD202500014;28/06/2025;OD;222900;Amortissement T2;;1550,00;NA;;AMORT-T2
OD202500014;28/06/2025;OD;223900;Amortissement T2;;4215,00;NA;;AMORT-T2
OD202500014;28/06/2025;OD;211900;Amortissement T2;;775,00;NA;;AMORT-T2
OD202500014;28/06/2025;OD;631000;Dotation aux amortissements T2;7665,00;;NA;;AMORT-T2
BQ202500304;29/06/2025;BQ;441100;FERRAND - reglement;296,29;;NA;F0013;FA202505-0066
BQ202500304;29/06/2025;BQ;511100;Paiement FA202505-0066;;296,29;NA;F0013;FA202505-0066
BQ202500013;30/06/2025;BQ;511100;Encaissement FV202504-0017;1519,35;;NA;C0014;FV202504-0017
BQ202500013;30/06/2025;BQ;401100;BONNIN SA - reglement;;1519,35;NA;C0014;FV202504-0017
BQ202500121;30/06/2025;BQ;511100;Encaissement FV202505-0139;4334,77;;NA;C0011;FV202505-0139
BQ202500121;30/06/2025;BQ;401100;CHEVALIER SARL - reglement;;4334,77;NA;C0011;FV202505-0139
BQ202500245;30/06/2025;BQ;511100;Encaissement FV202505-0297;1685,80;;NA;C0005;FV202505-0297
BQ202500245;30/06/2025;BQ;401100;BARTHELEMY S.A.S. - reglement;;1685,80;NA;C0005;FV202505-0297
OD202500024;30/06/2025;OD;461412;Solde TVA collectee 06/2025;1151,07;;NA;;TVA-06
OD202500024;30/06/2025;OD;461411;Solde TVA collectee 06/2025;13019,93;;NA;;TVA-06
OD202500024;30/06/2025;OD;461413;Solde TVA collectee 06/2025;464,22;;NA;;TVA-06
OD202500024;30/06/2025;OD;461414;Solde TVA collectee 06/2025;50,49;;NA;;TVA-06
OD202500024;30/06/2025;OD;421611;Solde TVA deductible 06/2025;;9346,63;NA;;TVA-06
OD202500024;30/06/2025;OD;421614;Solde TVA deductible 06/2025;;8,90;NA;;TVA-06
OD202500024;30/06/2025;OD;421613;Solde TVA deductible 06/2025;;1562,74;NA;;TVA-06
OD202500024;30/06/2025;OD;461500;TVA due 06/2025;;3767,44;NA;;TVA-06
AC202500041;01/07/2025;AC;616100;Transport sur achats;976,56;;A17;F0009;FA202507-0041
AC202500041;01/07/2025;AC;421611;TVA deductible 17%;166,02;;NA;F0009;FA202507-0041
AC202500041;01/07/2025;AC;441100;ROCHE SARL - Transport sur achats;;1142,58;NA;F0009;FA202507-0041
AC202500177;01/07/2025;AC;614300;Abonnements logiciels;322,04;;A17;F0017;FA202507-0177
AC202500177;01/07/2025;AC;421611;TVA deductible 17%;54,75;;NA;F0017;FA202507-0177
AC202500177;01/07/2025;AC;441100;CHAUVEAU S.A. - Abonnements logiciels;;376,79;NA;F0017;FA202507-0177
AC202500011;02/07/2025;AC;606000;Achat de marchandises;12133,12;;A17;F0010;FA202507-0011
AC202500011;02/07/2025;AC;421611;TVA deductible 17%;2062,63;;NA;F0010;FA202507-0011
AC202500011;02/07/2025;AC;441100;JACQUES S.A. - Achat de marchandises;;14195,75;NA;F0010;FA202507-0011
BQ202500296;02/07/2025;BQ;441100;PHILIPPE - reglement;2297,84;;NA;F0022;FA202506-0058
BQ202500296;02/07/2025;BQ;511100;Paiement FA202506-0058;;2297,84;NA;F0022;FA202506-0058
AC202500075;03/07/2025;AC;606000;Acquisition intracommunautaire;6708,26;;AIC;F0005;FA202507-0075
AC202500075;03/07/2025;AC;421611;TVA deductible sur acquisition intracommunautaire;1140,40;;NA;F0005;FA202507-0075
AC202500075;03/07/2025;AC;461411;TVA due sur acquisition intracommunautaire;;1140,40;NA;F0005;FA202507-0075
AC202500075;03/07/2025;AC;441100;ROY BOUVIER SARL - Acquisition intracommunautaire;;6708,26;NA;F0005;FA202507-0075
AC202500201;03/07/2025;AC;606000;Achat de marchandises - taux reduit;6096,04;;A8;F0013;FA202507-0201
AC202500201;03/07/2025;AC;421613;TVA deductible 8%;487,68;;NA;F0013;FA202507-0201
AC202500201;03/07/2025;AC;441100;FERRAND - Achat de marchandises - taux reduit;;6583,72;NA;F0013;FA202507-0201
VE202500080;03/07/2025;VE;401100;HENRY - Prestation de services;3208,51;;NA;C0010;FV202507-0080
VE202500080;03/07/2025;VE;704000;Prestation de services;;2742,32;S17;C0010;FV202507-0080
VE202500080;03/07/2025;VE;461411;TVA collectee 17%;;466,19;NA;C0010;FV202507-0080
VE202500110;03/07/2025;VE;401100;LESAGE - Prestation de services;7867,33;;NA;C0024;FV202507-0110
VE202500110;03/07/2025;VE;704000;Prestation de services;;6724,21;S17;C0024;FV202507-0110
VE202500110;03/07/2025;VE;461411;TVA collectee 17%;;1143,12;NA;C0024;FV202507-0110
AC202500076;04/07/2025;AC;606000;Achat de marchandises;8234,13;;A17;F0003;FA202507-0076
AC202500076;04/07/2025;AC;421611;TVA deductible 17%;1399,80;;NA;F0003;FA202507-0076
AC202500076;04/07/2025;AC;441100;THIBAULT BOUCHET SARL - Achat de marchandises;;9633,93;NA;F0003;FA202507-0076
BQ202500065;04/07/2025;BQ;511100;Encaissement FV202505-0075;14021,60;;NA;C0028;FV202505-0075
BQ202500065;04/07/2025;BQ;401100;PARENT - reglement;;14021,60;NA;C0028;FV202505-0075
BQ202500264;04/07/2025;BQ;441100;GUIBERT S.A. - reglement;14857,30;;NA;F0011;FA202506-0021
BQ202500264;04/07/2025;BQ;511100;Paiement FA202506-0021;;14857,30;NA;F0011;FA202506-0021
BQ202500062;05/07/2025;BQ;511100;Encaissement FV202506-0072;4141,19;;NA;C0023;FV202506-0072
BQ202500062;05/07/2025;BQ;401100;COLLET - reglement;;4141,19;NA;C0023;FV202506-0072
BQ202500327;05/07/2025;BQ;441100;GRONDIN - reglement;5822,33;;NA;F0020;FA202506-0093
BQ202500327;05/07/2025;BQ;511100;Paiement FA202506-0093;;5822,33;NA;F0020;FA202506-0093
BQ202500029;06/07/2025;BQ;511100;Encaissement FV202506-0035;6266,97;;NA;C0008;FV202506-0035
BQ202500029;06/07/2025;BQ;401100;BOUTIN DUMAS ET FILS - reglement;;6266,97;NA;C0008;FV202506-0035
BQ202500051;06/07/2025;BQ;511100;Encaissement FV202505-0060;1541,86;;NA;C0017;FV202505-0060
BQ202500051;06/07/2025;BQ;401100;DIAZ PETITJEAN ET FILS - reglement;;1541,86;NA;C0017;FV202505-0060
BQ202500073;07/07/2025;BQ;511100;Encaissement FV202506-0083;1733,42;;NA;C0011;FV202506-0083
BQ202500073;07/07/2025;BQ;401100;CHEVALIER SARL - reglement;;1733,42;NA;C0011;FV202506-0083
VE202500213;07/07/2025;VE;401100;REY - Prestation de services;1874,14;;NA;C0025;FV202507-0213
VE202500213;07/07/2025;VE;704000;Prestation de services;;1601,83;S17;C0025;FV202507-0213
VE202500213;07/07/2025;VE;461411;TVA collectee 17%;;272,31;NA;C0025;FV202507-0213
VE202500267;07/07/2025;VE;401100;BONNEAU - Vente de marchandises;1682,09;;NA;C0007;FV202507-0267
VE202500267;07/07/2025;VE;702000;Vente de marchandises;;1437,68;S17;C0007;FV202507-0267
VE202500267;07/07/2025;VE;461411;TVA collectee 17%;;244,41;NA;C0007;FV202507-0267
AC202500074;09/07/2025;AC;606000;Achat de marchandises;8431,95;;A17;F0010;FA202507-0074
AC202500074;09/07/2025;AC;421611;TVA deductible 17%;1433,43;;NA;F0010;FA202507-0074
AC202500074;09/07/2025;AC;441100;JACQUES S.A. - Achat de marchandises;;9865,38;NA;F0010;FA202507-0074
BQ202500299;09/07/2025;BQ;441100;ROCHE SARL - reglement;3934,05;;NA;F0009;FA202505-0061
BQ202500299;09/07/2025;BQ;511100;Paiement FA202505-0061;;3934,05;NA;F0009;FA202505-0061
VE202500154;09/07/2025;VE;401100;ADAM VERDIER ET FILS - Vente de biens - taux super-reduit;3552,27;;NA;C0016;FV202507-0154
VE202500154;09/07/2025;VE;702000;Vente de biens - taux super-reduit;;3448,81;S3;C0016;FV202507-0154
VE202500154;09/07/2025;VE;461414;TVA collectee 3%;;103,46;NA;C0016;FV202507-0154
VE202500232;09/07/2025;VE;401100;DOS SANTOS BESNARD SA - Vente de marchandises;678,58;;NA;C0026;FV202507-0232
VE202500232;09/07/2025;VE;702000;Vente de marchandises;;579,98;S17;C0026;FV202507-0232
VE202500232;09/07/2025;VE;461411;TVA collectee 17%;;98,60;NA;C0026;FV202507-0232
VE202500262;09/07/2025;VE;401100;LOUIS PAYET S.A. - Vente de produits finis;4076,72;;NA;C0019;FV202507-0262
VE202500262;09/07/2025;VE;705000;Vente de produits finis;;3484,38;S17;C0019;FV202507-0262
VE202500262;09/07/2025;VE;461411;TVA collectee 17%;;592,34;NA;C0019;FV202507-0262
AC202500072;10/07/2025;AC;616100;Transport sur achats;402,52;;A17;F0006;FA202507-0072
AC202500072;10/07/2025;AC;421611;TVA deductible 17%;68,43;;NA;F0006;FA202507-0072
AC202500072;10/07/2025;AC;441100;GILLES CLERC SARL - Transport sur achats;;470,95;NA;F0006;FA202507-0072
BQ202500109;10/07/2025;BQ;511100;Encaissement FV202506-0126;3598,26;;NA;C0025;FV202506-0126
BQ202500109;10/07/2025;BQ;401100;REY - reglement;;3598,26;NA;C0025;FV202506-0126
AC202500082;11/07/2025;AC;607200;Electricite et gaz;517,58;;A8;F0017;FA202507-0082
AC202500082;11/07/2025;AC;421613;TVA deductible 8%;41,41;;NA;F0017;FA202507-0082
AC202500082;11/07/2025;AC;441100;CHAUVEAU S.A. - Electricite et gaz;;558,99;NA;F0017;FA202507-0082
AC202500109;11/07/2025;AC;606000;Achat de marchandises;9485,58;;A17;F0018;FA202507-0109
AC202500109;11/07/2025;AC;421611;TVA deductible 17%;1612,55;;NA;F0018;FA202507-0109
AC202500109;11/07/2025;AC;441100;FOUCHER - Achat de marchandises;;11098,13;NA;F0018;FA202507-0109
BQ202500092;11/07/2025;BQ;511100;Encaissement FV202505-0104;1714,41;;NA;C0002;FV202505-0104
BQ202500092;11/07/2025;BQ;401100;JOLY S.A.R.L. - reglement;;1714,41;NA;C0002;FV202505-0104
VE202500090;11/07/2025;VE;401100;GIMENEZ S.A. - Vente de marchandises;4246,95;;NA;C0004;FV202507-0090
VE202500090;11/07/2025;VE;702000;Vente de marchandises;;3629,87;S17;C0004;FV202507-0090
VE202500090;11/07/2025;VE;461411;TVA collectee 17%;;617,08;NA;C0004;FV202507-0090
VE202500283;11/07/2025;VE;401100;CHEVALIER SARL - Prestation de services;4238,89;;NA;C0011;FV202507-0283
VE202500283;11/07/2025;VE;704000;Prestation de services;;3622,98;S17;C0011;FV202507-0283
VE202500283;11/07/2025;VE;461411;TVA collectee 17%;;615,91;NA;C0011;FV202507-0283
BQ202500048;12/07/2025;BQ;511100;Encaissement FV202505-0056;4669,68;;NA;C0022;FV202505-0056
BQ202500048;12/07/2025;BQ;401100;BRUNEAU S.A.S. - reglement;;4669,68;NA;C0022;FV202505-0056
BQ202500155;12/07/2025;BQ;511100;Encaissement FV202506-0179;433,54;;NA;C0001;FV202506-0179
BQ202500155;12/07/2025;BQ;401100;ROUSSEL - reglement;;433,54;NA;C0001;FV202506-0179
BQ202500171;12/07/2025;BQ;511100;Encaissement FV202505-0197;4558,41;;NA;C0004;FV202505-0197
BQ202500171;12/07/2025;BQ;401100;GIMENEZ S.A. - reglement;;4558,41;NA;C0004;FV202505-0197
BQ202500323;12/07/2025;BQ;441100;ROY BOUVIER SARL - reglement;3026,79;;NA;F0005;FA202505-0088
BQ202500323;12/07/2025;BQ;511100;Paiement FA202505-0088;;3026,79;NA;F0005;FA202505-0088
BQ202500376;12/07/2025;BQ;441100;THIBAULT BOUCHET SARL - reglement;236,96;;NA;F0003;FA202506-0158
BQ202500376;12/07/2025;BQ;511100;Paiement FA202506-0158;;236,96;NA;F0003;FA202506-0158
AC202500085;15/07/2025;AC;606000;Achat de marchandises;13130,87;;A17;F0009;FA202507-0085
AC202500085;15/07/2025;AC;421611;TVA deductible 17%;2232,25;;NA;F0009;FA202507-0085
AC202500085;15/07/2025;AC;441100;ROCHE SARL - Achat de marchandises;;15363,12;NA;F0009;FA202507-0085
AC202500173;15/07/2025;AC;607100;Fournitures de bureau;733,57;;A17;F0015;FA202507-0173
AC202500173;15/07/2025;AC;421611;TVA deductible 17%;124,71;;NA;F0015;FA202507-0173
AC202500173;15/07/2025;AC;441100;LEGRAND BOURDON ET FILS - Fournitures de bureau;;858,28;NA;F0015;FA202507-0173
VE202500300;15/07/2025;VE;401100;LESAGE - Prestation de services;4302,91;;NA;C0024;FV202507-0300
VE202500300;15/07/2025;VE;704000;Prestation de services;;3677,70;S17;C0024;FV202507-0300
VE202500300;15/07/2025;VE;461411;TVA collectee 17%;;625,21;NA;C0024;FV202507-0300
AC202500026;16/07/2025;AC;616200;Frais de restaurant;246,25;;A3;F0014;FA202507-0026
AC202500026;16/07/2025;AC;421614;TVA deductible 3%;7,39;;NA;F0014;FA202507-0026
AC202500026;16/07/2025;AC;441100;BOUSQUET - Frais de restaurant;;253,64;NA;F0014;FA202507-0026
BQ202500105;16/07/2025;BQ;511100;Encaissement FV202506-0121;9041,97;;NA;C0022;FV202506-0121
BQ202500105;16/07/2025;BQ;401100;BRUNEAU S.A.S. - reglement;;9041,97;NA;C0022;FV202506-0121
BQ202500401;16/07/2025;BQ;441100;JACQUES S.A. - reglement;2050,16;;NA;F0010;FA202506-0189
BQ202500401;16/07/2025;BQ;511100;Paiement FA202506-0189;;2050,16;NA;F0010;FA202506-0189
VE202500044;16/07/2025;VE;401100;JACQUET - Vente de marchandises;17195,68;;NA;C0015;FV202507-0044
VE202500044;16/07/2025;VE;702000;Vente de marchandises;;14686,48;S17;C0015;FV202507-0044
VE202500044;16/07/2025;VE;461411;TVA collectee 17%;;2496,70;NA;C0015;FV202507-0044
VE202500253;16/07/2025;VE;401100;JACQUET - Prestation de services;950,81;;NA;C0015;FV202507-0253
VE202500253;16/07/2025;VE;704000;Prestation de services;;812,66;S17;C0015;FV202507-0253
VE202500253;16/07/2025;VE;461411;TVA collectee 17%;;138,15;NA;C0015;FV202507-0253
VE202500279;16/07/2025;VE;401100;JACQUET - Prestation de services;4401,53;;NA;C0015;FV202507-0279
VE202500279;16/07/2025;VE;704000;Prestation de services;;3761,99;S17;C0015;FV202507-0279
VE202500279;16/07/2025;VE;461411;TVA collectee 17%;;639,54;NA;C0015;FV202507-0279
AC202500186;17/07/2025;AC;607200;Electricite et gaz;1624,65;;A8;F0011;FA202507-0186
AC202500186;17/07/2025;AC;421613;TVA deductible 8%;129,97;;NA;F0011;FA202507-0186
AC202500186;17/07/2025;AC;441100;GUIBERT S.A. - Electricite et gaz;;1754,62;NA;F0011;FA202507-0186
AC202500250;17/07/2025;AC;606000;Achat de marchandises;8315,68;;A17;F0012;FA202507-0250
AC202500250;17/07/2025;AC;421611;TVA deductible 17%;1413,67;;NA;F0012;FA202507-0250
AC202500250;17/07/2025;AC;441100;GRÉGOIRE - Achat de marchandises;;9729,35;NA;F0012;FA202507-0250
BQ202500318;17/07/2025;BQ;441100;LAPORTE MULLER SA - reglement;230,42;;NA;F0016;FA202506-0080
BQ202500318;17/07/2025;BQ;511100;Paiement FA202506-0080;;230,42;NA;F0016;FA202506-0080
VE202500285;17/07/2025;VE;401100;DOS SANTOS BESNARD SA - Prestation de services;16225,58;;NA;C0026;FV202507-0285
VE202500285;17/07/2025;VE;704000;Prestation de services;;13868,02;S17;C0026;FV202507-0285
VE202500285;17/07/2025;VE;461411;TVA collectee 17%;;2357,56;NA;C0026;FV202507-0285
AC202500040;18/07/2025;AC;606000;Acquisition intracommunautaire;6629,24;;AIC;F0020;FA202507-0040
AC202500040;18/07/2025;AC;421611;TVA deductible sur acquisition intracommunautaire;1126,97;;NA;F0020;FA202507-0040
AC202500040;18/07/2025;AC;461411;TVA due sur acquisition intracommunautaire;;1126,97;NA;F0020;FA202507-0040
AC202500040;18/07/2025;AC;441100;GRONDIN - Acquisition intracommunautaire;;6629,24;NA;F0020;FA202507-0040
AC202500106;18/07/2025;AC;612000;Entretien et reparations;1105,73;;A17;F0010;FA202507-0106
AC202500106;18/07/2025;AC;421611;TVA deductible 17%;187,97;;NA;F0010;FA202507-0106
AC202500106;18/07/2025;AC;441100;JACQUES S.A. - Entretien et reparations;;1293,70;NA;F0010;FA202507-0106
BQ202500283;18/07/2025;BQ;441100;ROCHE SARL - reglement;1142,58;;NA;F0009;FA202507-0041
BQ202500283;18/07/2025;BQ;511100;Paiement FA202507-0041;;1142,58;NA;F0009;FA202507-0041
BQ202500349;20/07/2025;BQ;441100;GRONDIN - reglement;2680,93;;NA;F0020;FA202505-0122
BQ202500349;20/07/2025;BQ;511100;Paiement FA202505-0122;;2680,93;NA;F0020;FA202505-0122
AC202500009;21/07/2025;AC;615999;Fournitures de bureau;334,24;;A17;F0012;FA202507-0009
AC202500009;21/07/2025;AC;421611;TVA deductible 17%;56,82;;NA;F0012;FA202507-0009
AC202500009;21/07/2025;AC;441100;GRÉGOIRE - Fournitures de bureau;;391,06;NA;F0012;FA202507-0009
AC202500220;21/07/2025;AC;606000;Acquisition intracommunautaire;6308,70;;AIC;F0004;FA202507-0220
AC202500220;21/07/2025;AC;421611;TVA deductible sur acquisition intracommunautaire;1072,48;;NA;F0004;FA202507-0220
AC202500220;21/07/2025;AC;461411;TVA due sur acquisition intracommunautaire;;1072,48;NA;F0004;FA202507-0220
AC202500220;21/07/2025;AC;441100;BOURDON S.A.R.L. - Acquisition intracommunautaire;;6308,70;NA;F0004;FA202507-0220
VE202500042;21/07/2025;VE;401100;DIAZ PETITJEAN ET FILS - Vente de marchandises - taux reduit;1363,85;;NA;C0017;FV202507-0042
VE202500042;21/07/2025;VE;702000;Vente de marchandises - taux reduit;;1262,82;S8;C0017;FV202507-0042
VE202500042;21/07/2025;VE;461413;TVA collectee 8%;;101,03;NA;C0017;FV202507-0042
VE202500085;21/07/2025;VE;401100;FISCHER - Prestation de services;955,68;;NA;C0021;FV202507-0085
VE202500085;21/07/2025;VE;704000;Prestation de services;;816,82;S17;C0021;FV202507-0085
VE202500085;21/07/2025;VE;461411;TVA collectee 17%;;138,86;NA;C0021;FV202507-0085
AC202500200;24/07/2025;AC;615000;Campagne de publicite;2188,16;;A17;F0005;FA202507-0200
AC202500200;24/07/2025;AC;421611;TVA deductible 17%;371,99;;NA;F0005;FA202507-0200
AC202500200;24/07/2025;AC;441100;ROY BOUVIER SARL - Campagne de publicite;;2560,15;NA;F0005;FA202507-0200
VE202500274;24/07/2025;VE;401100;REY - Prestation de services;1053,61;;NA;C0025;FV202507-0274
VE202500274;24/07/2025;VE;704000;Prestation de services;;900,52;S17;C0025;FV202507-0274
VE202500274;24/07/2025;VE;461411;TVA collectee 17%;;153,09;NA;C0025;FV202507-0274
AC202500125;25/07/2025;AC;616200;Frais de restaurant;75,14;;A3;F0002;FA202507-0125
AC202500125;25/07/2025;AC;421614;TVA deductible 3%;2,25;;NA;F0002;FA202507-0125
AC202500125;25/07/2025;AC;441100;ALVES - Frais de restaurant;;77,39;NA;F0002;FA202507-0125
AC202500188;25/07/2025;AC;606000;Achat de marchandises;13779,48;;A17;F0013;FA202507-0188
AC202500188;25/07/2025;AC;421611;TVA deductible 17%;2342,51;;NA;F0013;FA202507-0188
AC202500188;25/07/2025;AC;441100;FERRAND - Achat de marchandises;;16121,99;NA;F0013;FA202507-0188
BQ202500262;25/07/2025;BQ;441100;BOURDON S.A.R.L. - reglement;835,75;;NA;F0004;FA202505-0019
BQ202500262;25/07/2025;BQ;511100;Paiement FA202505-0019;;835,75;NA;F0004;FA202505-0019
BQ202500309;25/07/2025;BQ;441100;LACOMBE GUIBERT S.A. - reglement;4524,46;;NA;F0019;FA202506-0071
BQ202500309;25/07/2025;BQ;511100;Paiement FA202506-0071;;4524,46;NA;F0019;FA202506-0071
BQ202500338;25/07/2025;BQ;441100;FOUCHER - reglement;11098,13;;NA;F0018;FA202507-0109
BQ202500338;25/07/2025;BQ;511100;Paiement FA202507-0109;;11098,13;NA;F0018;FA202507-0109
OD202500007;25/07/2025;OD;621000;Salaires bruts 07/2025;21431,13;;NA;;PAIE-07
OD202500007;25/07/2025;OD;622000;Charges patronales 07/2025;2786,05;;NA;;PAIE-07
OD202500007;25/07/2025;OD;462000;Cotisations CCSS;;5464,94;NA;;PAIE-07
OD202500007;25/07/2025;OD;471000;Net a payer;;18752,24;NA;;PAIE-07
BQ202500399;27/07/2025;BQ;441100;GUIBERT S.A. - reglement;1754,62;;NA;F0011;FA202507-0186
BQ202500399;27/07/2025;BQ;511100;Paiement FA202507-0186;;1754,62;NA;F0011;FA202507-0186
AC202500136;28/07/2025;AC;606000;Achat de marchandises;11236,74;;A17;F0012;FA202507-0136
AC202500136;28/07/2025;AC;421611;TVA deductible 17%;1910,25;;NA;F0012;FA202507-0136
AC202500136;28/07/2025;AC;441100;GRÉGOIRE - Achat de marchandises;;13146,99;NA;F0012;FA202507-0136
BQ202500250;28/07/2025;BQ;441100;MARQUES - reglement;10771,17;;NA;F0001;FA202506-0003
BQ202500250;28/07/2025;BQ;511100;Paiement FA202506-0003;;10771,17;NA;F0001;FA202506-0003
BQ202500355;28/07/2025;BQ;441100;BOURDON S.A.R.L. - reglement;5742,34;;NA;F0004;FA202506-0129
BQ202500355;28/07/2025;BQ;511100;Paiement FA202506-0129;;5742,34;NA;F0004;FA202506-0129
BQ202500403;28/07/2025;BQ;441100;BOUSQUET - reglement;170,60;;NA;F0014;FA202506-0192
BQ202500403;28/07/2025;BQ;511100;Paiement FA202506-0192;;170,60;NA;F0014;FA202506-0192
BQ202500456;28/07/2025;BQ;618000;Frais de tenue de compte;39,65;;NA;;BQ-FRAIS-07
BQ202500456;28/07/2025;BQ;511100;Frais bancaires;;39,65;NA;;BQ-FRAIS-07
BQ202500457;28/07/2025;BQ;192100;Remboursement emprunt - capital;1600,00;;NA;;EMP-07
BQ202500457;28/07/2025;BQ;655000;Interets de l'emprunt;223,20;;NA;;EMP-07
BQ202500457;28/07/2025;BQ;511100;Echeance emprunt;;1823,20;NA;;EMP-07
BQ202500480;28/07/2025;BQ;471000;Virement des salaires;18752,24;;NA;;PAIE-07
BQ202500480;28/07/2025;BQ;511100;Virement des salaires;;18752,24;NA;;PAIE-07
BQ202500481;28/07/2025;BQ;462000;Paiement CCSS;5464,94;;NA;;CCSS-07
BQ202500481;28/07/2025;BQ;511100;Paiement CCSS;;5464,94;NA;;CCSS-07
AC202500079;29/07/2025;AC;607200;Electricite et gaz;1382,40;;A8;F0013;FA202507-0079
AC202500079;29/07/2025;AC;421613;TVA deductible 8%;110,59;;NA;F0013;FA202507-0079
AC202500079;29/07/2025;AC;441100;FERRAND - Electricite et gaz;;1492,99;NA;F0013;FA202507-0079
AC202500184;29/07/2025;AC;617000;Telecommunications;397,36;;A17;F0013;FA202507-0184
AC202500184;29/07/2025;AC;421611;TVA deductible 17%;67,55;;NA;F0013;FA202507-0184
AC202500184;29/07/2025;AC;441100;FERRAND - Telecommunications;;464,91;NA;F0013;FA202507-0184
BQ202500012;29/07/2025;BQ;511100;Encaissement FV202506-0016;9372,99;;NA;C0001;FV202506-0016
BQ202500012;29/07/2025;BQ;401100;ROUSSEL - reglement;;9372,99;NA;C0001;FV202506-0016
BQ202500282;29/07/2025;BQ;441100;GRONDIN - reglement;6629,24;;NA;F0020;FA202507-0040
BQ202500282;29/07/2025;BQ;511100;Paiement FA202507-0040;;6629,24;NA;F0020;FA202507-0040
BQ202500392;29/07/2025;BQ;441100;CHAUVEAU S.A. - reglement;376,79;;NA;F0017;FA202507-0177
BQ202500392;29/07/2025;BQ;511100;Paiement FA202507-0177;;376,79;NA;F0017;FA202507-0177
VE202500027;29/07/2025;VE;401100;DIAZ PETITJEAN ET FILS - Vente de marchandises - taux reduit;1365,34;;NA;C0017;FV202507-0027
VE202500027;29/07/2025;VE;702000;Vente de marchandises - taux reduit;;1264,20;S8;C0017;FV202507-0027
VE202500027;29/07/2025;VE;461413;TVA collectee 8%;;101,14;NA;C0017;FV202507-0027
VE202500054;29/07/2025;VE;401100;LECLERCQ S.A.S. - Prestation de services;4565,74;;NA;C0020;FV202507-0054
VE202500054;29/07/2025;VE;704000;Prestation de services;;3816,87;S17;C0020;FV202507-0054
VE202500054;29/07/2025;VE;461411;TVA collectee 17%;;648,87;NA;C0020;FV202507-0054
VE202500178;29/07/2025;VE;401100;BARTHELEMY S.A.S. - Vente de marchandises;4843,64;;NA;C0005;FV202507-0178
VE202500178;29/07/2025;VE;702000;Vente de marchandises;;4139,86;S17;C0005;FV202507-0178
VE202500178;29/07/2025;VE;461411;TVA collectee 17%;;703,78;NA;C0005;FV202507-0178
VE202500217;29/07/2025;VE;401100;ROUSSEL - Vente de marchandises;7601,34;;NA;C0001;FV202507-0217
VE202500217;29/07/2025;VE;702000;Vente de marchandises;;6496,87;S17;C0001;FV202507-0217
VE202500217;29/07/2025;VE;461411;TVA collectee 17%;;1104,47;NA;C0001;FV202507-0217
BQ202500336;30/07/2025;BQ;441100;FERRAND - reglement;5488,30;;NA;F0013;FA202506-0107
BQ202500336;30/07/2025;BQ;511100;Paiement FA202506-0107;;5488,30;NA;F0013;FA202506-0107
VE202500069;30/07/2025;VE;401100;FONTAINE LE ROUX SARL - Vente de marchandises;4216,12;;NA;C0006;FV202507-0069
VE202500069;30/07/2025;VE;702000;Vente de marchandises;;3603,52;S17;C0006;FV202507-0069
VE202500069;30/07/2025;VE;461411;TVA collectee 17%;;612,60;NA;C0006;FV202507-0069
VE202500175;30/07/2025;VE;401100;BOUVET - Vente de marchandises;14826,63;;NA;C0018;FV202507-0175
VE202500175;30/07/2025;VE;702000;Vente de marchandises;;12672,33;S17;C0018;FV202507-0175
VE202500175;30/07/2025;VE;461411;TVA collectee 17%;;2154,30;NA;C0018;FV202507-0175
AC202500030;31/07/2025;AC;607200;Electricite et gaz;560,35;;A8;F0001;FA202507-0030
AC202500030;31/07/2025;AC;421613;TVA deductible 8%;44,83;;NA;F0001;FA202507-0030
AC202500030;31/07/2025;AC;441100;MARQUES - Electricite et gaz;;605,18;NA;F0001;FA202507-0030
BQ202500229;31/07/2025;BQ;511100;Encaissement FV202507-0279;4401,53;;NA;C0015;FV202507-0279
BQ202500229;31/07/2025;BQ;401100;JACQUET - reglement;;4401,53;NA;C0015;FV202507-0279
OD202500025;31/07/2025;OD;461413;Solde TVA collectee 07/2025;202,17;;NA;;TVA-07
OD202500025;31/07/2025;OD;461411;Solde TVA collectee 07/2025;19162,94;;NA;;TVA-07
OD202500025;31/07/2025;OD;461414;Solde TVA collectee 07/2025;103,46;;NA;;TVA-07
OD202500025;31/07/2025;OD;421611;Solde TVA deductible 07/2025;;19219,70;NA;;TVA-07
OD202500025;31/07/2025;OD;421614;Solde TVA deductible 07/2025;;9,64;NA;;TVA-07
OD202500025;31/07/2025;OD;421613;Solde TVA deductible 07/2025;;814,48;NA;;TVA-07
OD202500025;31/07/2025;OD;421617;Credit de TVA 07/2025;575,25;;NA;;TVA-07
AC202500027;01/08/2025;AC;607200;Electricite et gaz;621,76;;A8;F0010;FA202508-0027
AC202500027;01/08/2025;AC;421613;TVA deductible 8%;49,74;;NA;F0010;FA202508-0027
AC202500027;01/08/2025;AC;441100;JACQUES S.A. - Electricite et gaz;;671,50;NA;F0010;FA202508-0027
BQ202500313;01/08/2025;BQ;441100;ROY BOUVIER SARL - reglement;6708,26;;NA;F0005;FA202507-0075
BQ202500313;01/08/2025;BQ;511100;Paiement FA202507-0075;;6708,26;NA;F0005;FA202507-0075
VE202500015;01/08/2025;VE;401100;JACQUET SARL - Prestation de services;9746,83;;NA;C0009;FV202508-0015
VE202500015;01/08/2025;VE;704000;Prestation de services;;8330,62;S17;C0009;FV202508-0015
VE202500015;01/08/2025;VE;461411;TVA collectee 17%;;1416,21;NA;C0009;FV202508-0015
BQ202500158;03/08/2025;BQ;511100;Encaissement FV202505-0182;2224,99;;NA;C0008;FV202505-0182
BQ202500158;03/08/2025;BQ;401100;BOUTIN DUMAS ET FILS - reglement;;2224,99;NA;C0008;FV202505-0182
BQ202500269;03/08/2025;BQ;441100;BOUSQUET - reglement;253,64;;NA;F0014;FA202507-0026
BQ202500269;03/08/2025;BQ;511100;Paiement FA202507-0026;;253,64;NA;F0014;FA202507-0026
BQ202500391;03/08/2025;BQ;441100;DUVAL - reglement;847,21;;NA;F0008;FA202506-0175
BQ202500391;03/08/2025;BQ;511100;Paiement FA202506-0175;;847,21;NA;F0008;FA202506-0175
BQ202500167;04/08/2025;BQ;511100;Encaissement FV202505-0193;2214,83;;NA;C0011;FV202505-0193
BQ202500167;04/08/2025;BQ;401100;CHEVALIER SARL - reglement;;2214,83;NA;C0011;FV202505-0193
AC202500115;05/08/2025;AC;607200;Electricite et gaz;846,60;;A8;F0015;FA202508-0115
AC202500115;05/08/2025;AC;421613;TVA deductible 8%;67,73;;NA;F0015;FA202508-0115
AC202500115;05/08/2025;AC;441100;LEGRAND BOURDON ET FILS - Electricite et gaz;;914,33;NA;F0015;FA202508-0115
AC202500120;05/08/2025;AC;611000;Loyer du mois;3200,00;;A0;F0004;FA202508-0120
AC202500120;05/08/2025;AC;441100;BOURDON S.A.R.L. - Loyer du mois;;3200,00;NA;F0004;FA202508-0120
AC202500162;05/08/2025;AC;616100;Transport sur achats;864,78;;A17;F0009;FA202508-0162
AC202500162;05/08/2025;AC;421611;TVA deductible 17%;147,01;;NA;F0009;FA202508-0162
AC202500162;05/08/2025;AC;441100;ROCHE SARL - Transport sur achats;;1011,79;NA;F0009;FA202508-0162
BQ202500310;05/08/2025;BQ;441100;GILLES CLERC SARL - reglement;470,95;;NA;F0006;FA202507-0072
BQ202500310;05/08/2025;BQ;511100;Paiement FA202507-0072;;470,95;NA;F0006;FA202507-0072
AC202500172;06/08/2025;AC;617000;Telecommunications;471,23;;A17;F0009;FA202508-0172
AC202500172;06/08/2025;AC;421611;TVA deductible 17%;80,11;;NA;F0009;FA202508-0172
AC202500172;06/08/2025;AC;441100;ROCHE SARL - Telecommunications;;551,34;NA;F0009;FA202508-0172
BQ202500255;06/08/2025;BQ;441100;JACQUES S.A. - reglement;14195,75;;NA;F0010;FA202507-0011
BQ202500255;06/08/2025;BQ;511100;Paiement FA202507-0011;;14195,75;NA;F0010;FA202507-0011
VE202500190;06/08/2025;VE;401100;JACQUET SARL - Prestation de services;392,64;;NA;C0009;FV202508-0190
VE202500190;06/08/2025;VE;704000;Prestation de services;;335,59;S17;C0009;FV202508-0190
VE202500190;06/08/2025;VE;461411;TVA collectee 17%;;57,05;NA;C0009;FV202508-0190
BQ202500094;07/08/2025;BQ;511100;Encaissement FV202505-0106;4389,02;;NA;C0024;FV202505-0106
BQ202500094;07/08/2025;BQ;401100;LESAGE - reglement;;4389,02;NA;C0024;FV202505-0106
BQ202500206;07/08/2025;BQ;511100;Encaissement FV202505-0252;9596,34;;NA;C0013;FV202505-0252
BQ202500206;07/08/2025;BQ;401100;AUGER - reglement;;9596,34;NA;C0013;FV202505-0252
BQ202500437;07/08/2025;BQ;441100;THIBAULT BOUCHET SARL - reglement;5818,83;;NA;F0003;FA202506-0241
BQ202500437;07/08/2025;BQ;511100;Paiement FA202506-0241;;5818,83;NA;F0003;FA202506-0241
VE202500028;07/08/2025;VE;401100;BOUTIN DUMAS ET FILS - Vente de marchandises - taux reduit;1040,17;;NA;C0008;FV202508-0028
VE202500028;07/08/2025;VE;702000;Vente de marchandises - taux reduit;;963,12;S8;C0008;FV202508-0028
VE202500028;07/08/2025;VE;461413;TVA collectee 8%;;77,05;NA;C0008;FV202508-0028
VE202500282;07/08/2025;VE;401100;JACQUET SARL - Vente de produits finis;14337,23;;NA;C0009;FV202508-0282
VE202500282;07/08/2025;VE;705000;Vente de produits finis;;12254,04;S17;C0009;FV202508-0282
VE202500282;07/08/2025;VE;461411;TVA collectee 17%;;2083,19;NA;C0009;FV202508-0282
AC202500230;08/08/2025;AC;616200;Frais de restaurant;152,41;;A3;F0001;FA202508-0230
AC202500230;08/08/2025;AC;421614;TVA deductible 3%;4,57;;NA;F0001;FA202508-0230
AC202500230;08/08/2025;AC;441100;MARQUES - Frais de restaurant;;156,98;NA;F0001;FA202508-0230
VE202500259;08/08/2025;VE;401100;DIAZ PETITJEAN ET FILS - Prestation de services;1911,23;;NA;C0017;FV202508-0259
VE202500259;08/08/2025;VE;704000;Prestation de services;;1633,53;S17;C0017;FV202508-0259
VE202500259;08/08/2025;VE;461411;TVA collectee 17%;;277,70;NA;C0017;FV202508-0259
AC202500049;11/08/2025;AC;611000;Loyer du mois;3200,00;;A0;F0008;FA202508-0049
AC202500049;11/08/2025;AC;441100;DUVAL - Loyer du mois;;3200,00;NA;F0008;FA202508-0049
AC202500104;11/08/2025;AC;606000;Acquisition intracommunautaire;7866,89;;AIC;F0013;FA202508-0104
AC202500104;11/08/2025;AC;421611;TVA deductible sur acquisition intracommunautaire;1337,37;;NA;F0013;FA202508-0104
AC202500104;11/08/2025;AC;461411;TVA due sur acquisition intracommunautaire;;1337,37;NA;F0013;FA202508-0104
AC202500104;11/08/2025;AC;441100;FERRAND - Acquisition intracommunautaire;;7866,89;NA;F0013;FA202508-0104
AC202500198;11/08/2025;AC;607200;Electricite et gaz;932,00;;A8;F0013;FA202508-0198
AC202500198;11/08/2025;AC;421613;TVA deductible 8%;74,56;;NA;F0013;FA202508-0198
AC202500198;11/08/2025;AC;441100;FERRAND - Electricite et gaz;;1006,56;NA;F0013;FA202508-0198
BQ202500181;11/08/2025;BQ;511100;Encaissement FV202507-0213;1874,14;;NA;C0025;FV202507-0213
BQ202500181;11/08/2025;BQ;401100;REY - reglement;;1874,14;NA;C0025;FV202507-0213
VE202500167;11/08/2025;VE;401100;REY - Vente de marchandises;1733,46;;NA;C0025;FV202508-0167
VE202500167;11/08/2025;VE;702000;Vente de marchandises;;1481,59;S17;C0025;FV202508-0167
VE202500167;11/08/2025;VE;461411;TVA collectee 17%;;251,87;NA;C0025;FV202508-0167
BQ202500210;12/08/2025;BQ;511100;Encaissement FV202506-0257;1170,29;;NA;C0023;FV202506-0257
BQ202500210;12/08/2025;BQ;401100;COLLET - reglement;;1170,29;NA;C0023;FV202506-0257
BQ202500443;12/08/2025;BQ;441100;GRÉGOIRE - reglement;9729,35;;NA;F0012;FA202507-0250
BQ202500443;12/08/2025;BQ;511100;Paiement FA202507-0250;;9729,35;NA;F0012;FA202507-0250
VE202500210;12/08/2025;VE;401100;COLLET - Vente de marchandises;7801,33;;NA;C0023;FV202508-0210
VE202500210;12/08/2025;VE;702000;Vente de marchandises;;6667,80;S17;C0023;FV202508-0210
VE202500210;12/08/2025;VE;461411;TVA collectee 17%;;1133,53;NA;C0023;FV202508-0210
AC202500133;13/08/2025;AC;607300;Carburant;426,47;;A17;F0004;FA202508-0133
AC202500133;13/08/2025;AC;421611;TVA deductible 17%;72,50;;NA;F0004;FA202508-0133
AC202500133;13/08/2025;AC;441100;BOURDON S.A.R.L. - Carburant;;498,97;NA;F0004;FA202508-0133
AC202500239;13/08/2025;AC;601000;Achat de matieres premieres;2272,71;;A17;F0020;FA202508-0239
AC202500239;13/08/2025;AC;421611;TVA deductible 17%;369,36;;NA;F0020;FA202508-0239
AC202500239;13/08/2025;AC;441100;GRONDIN - Achat de matieres premieres;;2542,07;NA;F0020;FA202508-0239
VE202500037;13/08/2025;VE;401100;ROUSSEL - Prestation de services;2978,63;;NA;C0001;FV202508-0037
VE202500037;13/08/2025;VE;704000;Prestation de services;;2545,84;S17;C0001;FV202508-0037
VE202500037;13/08/2025;VE;461411;TVA collectee 17%;;432,79;NA;C0001;FV202508-0037
VE202500170;13/08/2025;VE;401100;BONNIN SA - Vente de marchandises - taux reduit;908,04;;NA;C0014;FV202508-0170
VE202500170;13/08/2025;VE;702000;Vente de marchandises - taux reduit;;840,78;S8;C0014;FV202508-0170
VE202500170;13/08/2025;VE;461413;TVA collectee 8%;;67,26;NA;C0014;FV202508-0170
AC202500022;14/08/2025;AC;606000;Achat de marchandises;6321,27;;A17;F0016;FA202508-0022
AC202500022;14/08/2025;AC;421611;TVA deductible 17%;1074,62;;NA;F0016;FA202508-0022
AC202500022;14/08/2025;AC;441100;LAPORTE MULLER SA - Achat de marchandises;;7395,89;NA;F0016;FA202508-0022
BQ202500089;14/08/2025;BQ;511100;Encaissement FV202506-0100;4601,19;;NA;C0002;FV202506-0100
BQ202500089;14/08/2025;BQ;401100;JOLY S.A.R.L. - reglement;;4601,19;NA;C0002;FV202506-0100
BQ202500235;14/08/2025;BQ;511100;Encaissement FV202506-0287;11480,61;;NA;C0023;FV202506-0287
BQ202500235;14/08/2025;BQ;401100;COLLET - reglement;;11480,61;NA;C0023;FV202506-0287
BQ202500386;14/08/2025;BQ;441100;FOURNIER - reglement;924,79;;NA;F0021;FA202506-0168
BQ202500386;14/08/2025;BQ;511100;Paiement FA202506-0168;;924,79;NA;F0021;FA202506-0168
BQ202500400;15/08/2025;BQ;441100;FERRAND - reglement;16121,99;;NA;F0013;FA202507-0188
BQ202500400;15/08/2025;BQ;511100;Paiement FA202507-0188;;16121,99;NA;F0013;FA202507-0188
BQ202500098;16/08/2025;BQ;511100;Encaissement FV202507-0110;5106,68;;NA;C0024;FV202507-0110
BQ202500098;16/08/2025;BQ;401100;LESAGE - reglement;;5106,68;NA;C0024;FV202507-0110
BQ202500213;16/08/2025;BQ;511100;Encaissement FV202506-0261;655,01;;NA;C0001;FV202506-0261
BQ202500213;16/08/2025;BQ;401100;ROUSSEL - reglement;;655,01;NA;C0001;FV202506-0261
BQ202500348;16/08/2025;BQ;441100;FOUCHER - reglement;75,18;;NA;F0018;FA202506-0121
BQ202500348;16/08/2025;BQ;511100;Paiement FA202506-0121;;75,18;NA;F0018;FA202506-0121
BQ202500389;16/08/2025;BQ;441100;ROCHE SARL - reglement;551,34;;NA;F0009;FA202508-0172
BQ202500389;16/08/2025;BQ;511100;Paiement FA202508-0172;;551,34;NA;F0009;FA202508-0172
BQ202500059;17/08/2025;BQ;511100;Encaissement FV202507-0069;4216,12;;NA;C0006;FV202507-0069
BQ202500059;17/08/2025;BQ;401100;FONTAINE LE ROUX SARL - reglement;;4216,12;NA;C0006;FV202507-0069
BQ202500219;17/08/2025;BQ;511100;Encaissement FV202507-0267;1682,09;;NA;C0007;FV202507-0267
BQ202500219;17/08/2025;BQ;401100;BONNEAU - reglement;;1682,09;NA;C0007;FV202507-0267
BQ202500314;17/08/2025;BQ;441100;THIBAULT BOUCHET SARL - reglement;9633,93;;NA;F0003;FA202507-0076
BQ202500314;17/08/2025;BQ;511100;Paiement FA202507-0076;;9633,93;NA;F0003;FA202507-0076
BQ202500075;18/08/2025;BQ;511100;Encaissement FV202507-0085;495,68;;NA;C0021;FV202507-0085
BQ202500075;18/08/2025;BQ;401100;FISCHER - reglement;;495,68;NA;C0021;FV202507-0085
BQ202500214;18/08/2025;BQ;511100;Encaissement FV202507-0262;4076,72;;NA;C0019;FV202507-0262
BQ202500214;18/08/2025;BQ;401100;LOUIS PAYET S.A. - reglement;;4076,72;NA;C0019;FV202507-0262
VE202500092;18/08/2025;VE;401100;FISCHER - Prestation intracommunautaire;763,61;;NA;C0021;FV202508-0092
VE202500092;18/08/2025;VE;704000;Prestation intracommunautaire;;763,61;SIC;C0021;FV202508-0092
BQ202500397;19/08/2025;BQ;441100;FERRAND - reglement;464,91;;NA;F0013;FA202507-0184
BQ202500397;19/08/2025;BQ;511100;Paiement FA202507-0184;;464,91;NA;F0013;FA202507-0184
AC202500153;20/08/2025;AC;611000;Loyer du mois;3200,00;;A0;F0012;FA202508-0153
AC202500153;20/08/2025;AC;441100;GRÉGOIRE - Loyer du mois;;3200,00;NA;F0012;FA202508-0153
BQ202500080;20/08/2025;BQ;511100;Encaissement FV202507-0090;4246,95;;NA;C0004;FV202507-0090
BQ202500080;20/08/2025;BQ;401100;GIMENEZ S.A. - reglement;;4246,95;NA;C0004;FV202507-0090
BQ202500298;20/08/2025;BQ;441100;GRÉGOIRE - reglement;3152,60;;NA;F0012;FA202506-0060
BQ202500298;20/08/2025;BQ;511100;Paiement FA202506-0060;;3152,60;NA;F0012;FA202506-0060
VE202500029;20/08/2025;VE;401100;BOUVET - Vente de marchandises;19353,73;;NA;C0018;FV202508-0029
VE202500029;20/08/2025;VE;702000;Vente de marchandises;;16541,65;S17;C0018;FV202508-0029
VE202500029;20/08/2025;VE;461411;TVA collectee 17%;;2812,08;NA;C0018;FV202508-0029
AC202500083;21/08/2025;AC;607200;Electricite et gaz;1555,23;;A8;F0014;FA202508-0083
AC202500083;21/08/2025;AC;421613;TVA deductible 8%;124,42;;NA;F0014;FA202508-0083
AC202500083;21/08/2025;AC;441100;BOUSQUET - Electricite et gaz;;1679,65;NA;F0014;FA202508-0083
AC202500137;21/08/2025;AC;613000;Prime d'assurance;2289,55;;A0;F0015;FA202508-0137
AC202500137;21/08/2025;AC;441100;LEGRAND BOURDON ET FILS - Prime d'assurance;;2289,55;NA;F0015;FA202508-0137
AC202500231;21/08/2025;AC;611500;Charges locatives;679,28;;A17;F0020;FA202508-0231
AC202500231;21/08/2025;AC;421611;TVA deductible 17%;115,48;;NA;F0020;FA202508-0231
AC202500231;21/08/2025;AC;441100;GRONDIN - Charges locatives;;794,76;NA;F0020;FA202508-0231
BQ202500035;21/08/2025;BQ;511100;Encaissement FV202507-0042;1363,85;;NA;C0017;FV202507-0042
BQ202500035;21/08/2025;BQ;401100;DIAZ PETITJEAN ET FILS - reglement;;1363,85;NA;C0017;FV202507-0042
BQ202500183;21/08/2025;BQ;511100;Encaissement FV202507-0217;7601,34;;NA;C0001;FV202507-0217
BQ202500183;21/08/2025;BQ;401100;ROUSSEL - reglement;;7601,34;NA;C0001;FV202507-0217
VE202500021;21/08/2025;VE;401100;COLLET - Vente de marchandises - taux reduit;1285,87;;NA;C0023;FV202508-0021
VE202500021;21/08/2025;VE;702000;Vente de marchandises - taux reduit;;1190,62;S8;C0023;FV202508-0021
VE202500021;21/08/2025;VE;461413;TVA collectee 8%;;95,25;NA;C0023;FV202508-0021
AC202500004;22/08/2025;AC;607200;Electricite et gaz;1538,08;;A8;F0015;FA202508-0004
AC202500004;22/08/2025;AC;421613;TVA deductible 8%;123,05;;NA;F0015;FA202508-0004
AC202500004;22/08/2025;AC;441100;LEGRAND BOURDON ET FILS - Electricite et gaz;;1661,13;NA;F0015;FA202508-0004
AC202500157;22/08/2025;AC;606000;Achat de marchandises;4254,84;;A17;F0011;FA202508-0157
AC202500157;22/08/2025;AC;421611;TVA deductible 17%;723,32;;NA;F0011;FA202508-0157
AC202500157;22/08/2025;AC;441100;GUIBERT S.A. - Achat de marchandises;;4978,16;NA;F0011;FA202508-0157
VE202500084;22/08/2025;VE;401100;BOUTIN DUMAS ET FILS - Vente de marchandises;8090,70;;NA;C0008;FV202508-0084
VE202500084;22/08/2025;VE;702000;Vente de marchandises;;6915,13;S17;C0008;FV202508-0084
VE202500084;22/08/2025;VE;461411;TVA collectee 17%;;1175,57;NA;C0008;FV202508-0084
BQ202500024;23/08/2025;BQ;511100;Encaissement FV202506-0030;767,27;;NA;C0020;FV202506-0030
BQ202500024;23/08/2025;BQ;401100;LECLERCQ S.A.S. - reglement;;767,27;NA;C0020;FV202506-0030
BQ202500230;23/08/2025;BQ;511100;Encaissement FV202508-0282;14337,23;;NA;C0009;FV202508-0282
BQ202500230;23/08/2025;BQ;401100;JACQUET SARL - reglement;;14337,23;NA;C0009;FV202508-0282
BQ202500242;24/08/2025;BQ;511100;Encaissement FV202506-0294;2482,88;;NA;C0022;FV202506-0294
BQ202500242;24/08/2025;BQ;401100;BRUNEAU S.A.S. - reglement;;2482,88;NA;C0022;FV202506-0294
BQ202500380;25/08/2025;BQ;441100;ROCHE SARL - reglement;1011,79;;NA;F0009;FA202508-0162
BQ202500380;25/08/2025;BQ;511100;Paiement FA202508-0162;;1011,79;NA;F0009;FA202508-0162
OD202500008;25/08/2025;OD;621000;Salaires bruts 08/2025;23155,37;;NA;;PAIE-08
OD202500008;25/08/2025;OD;622000;Charges patronales 08/2025;3010,20;;NA;;PAIE-08
OD202500008;25/08/2025;OD;462000;Cotisations CCSS;;5904,62;NA;;PAIE-08
OD202500008;25/08/2025;OD;471000;Net a payer;;20260,95;NA;;PAIE-08
VE202500299;25/08/2025;VE;401100;ADAM VERDIER ET FILS - Prestation de services;3830,65;;NA;C0016;FV202508-0299
VE202500299;25/08/2025;VE;704000;Prestation de services;;3274,06;S17;C0016;FV202508-0299
VE202500299;25/08/2025;VE;461411;TVA collectee 17%;;556,59;NA;C0016;FV202508-0299
BQ202500070;26/08/2025;BQ;511100;Encaissement FV202507-0080;3208,51;;NA;C0010;FV202507-0080
BQ202500070;26/08/2025;BQ;401100;HENRY - reglement;;3208,51;NA;C0010;FV202507-0080
BQ202500071;26/08/2025;BQ;511100;Encaissement FV202506-0081;2896,29;;NA;C0016;FV202506-0081
BQ202500071;26/08/2025;BQ;401100;ADAM VERDIER ET FILS - reglement;;2896,29;NA;C0016;FV202506-0081
BQ202500320;26/08/2025;BQ;441100;CHAUVEAU S.A. - reglement;558,99;;NA;F0017;FA202507-0082
BQ202500320;26/08/2025;BQ;511100;Paiement FA202507-0082;;558,99;NA;F0017;FA202507-0082
VE202500045;26/08/2025;VE;401100;BOUVET - Vente de marchandises;1213,09;;NA;C0018;FV202508-0045
VE202500045;26/08/2025;VE;702000;Vente de marchandises;;1036,83;S17;C0018;FV202508-0045
VE202500045;26/08/2025;VE;461411;TVA collectee 17%;;176,26;NA;C0018;FV202508-0045
AC202500099;27/08/2025;AC;615999;Campagne de publicite;5126,67;;A17;F0020;FA202508-0099
AC202500099;27/08/2025;AC;421611;TVA deductible 17%;871,53;;NA;F0020;FA202508-0099
AC202500099;27/08/2025;AC;441100;GRONDIN - Campagne de publicite;;5998,20;NA;F0020;FA202508-0099
AC202500235;27/08/2025;AC;606000;Achat de marchandises;6379,39;;A17;F0010;FA202508-0235
AC202500235;27/08/2025;AC;421611;TVA deductible 17%;1084,50;;NA;F0010;FA202508-0235
AC202500235;27/08/2025;AC;441100;JACQUES S.A. - Achat de marchandises;;7463,89;NA;F0010;FA202508-0235
VE202500280;27/08/2025;VE;401100;FISCHER - Vente de marchandises - taux reduit;2323,80;;NA;C0021;FV202508-0280
VE202500280;27/08/2025;VE;702000;Vente de marchandises - taux reduit;;2151,67;S8;C0021;FV202508-0280
VE202500280;27/08/2025;VE;461413;TVA collectee 8%;;172,13;NA;C0021;FV202508-0280
BQ202500011;28/08/2025;BQ;511100;Encaissement FV202508-0015;9746,83;;NA;C0009;FV202508-0015
BQ202500011;28/08/2025;BQ;401100;JACQUET SARL - reglement;;9746,83;NA;C0009;FV202508-0015
BQ202500458;28/08/2025;BQ;618000;Frais de tenue de compte;52,84;;NA;;BQ-FRAIS-08
BQ202500458;28/08/2025;BQ;511100;Frais bancaires;;52,84;NA;;BQ-FRAIS-08
BQ202500459;28/08/2025;BQ;192100;Remboursement emprunt - capital;1600,00;;NA;;EMP-08
BQ202500459;28/08/2025;BQ;655000;Interets de l'emprunt;219,07;;NA;;EMP-08
BQ202500459;28/08/2025;BQ;511100;Echeance emprunt;;1819,07;NA;;EMP-08
BQ202500482;28/08/2025;BQ;471000;Virement des salaires;20260,95;;NA;;PAIE-08
BQ202500482;28/08/2025;BQ;511100;Virement des salaires;;20260,95;NA;;PAIE-08
BQ202500483;28/08/2025;BQ;462000;Paiement CCSS;5904,62;;NA;;CCSS-08
BQ202500483;28/08/2025;BQ;511100;Paiement CCSS;;5904,62;NA;;CCSS-08
VE202500120;28/08/2025;VE;401100;FISCHER - Prestation de services;1238,49;;NA;C0021;FV202508-0120
VE202500120;28/08/2025;VE;704000;Prestation de services;;1058,54;S17;C0021;FV202508-0120
VE202500120;28/08/2025;VE;461411;TVA collectee 17%;;179,95;NA;C0021;FV202508-0120
VE202500130;28/08/2025;VE;401100;FONTAINE LE ROUX SARL - Prestation de services;10156,36;;NA;C0006;FV202508-0130
VE202500130;28/08/2025;VE;704000;Prestation de services;;8680,65;S17;C0006;FV202508-0130
VE202500130;28/08/2025;VE;461411;TVA collectee 17%;;1475,71;NA;C0006;FV202508-0130
BQ202500390;29/08/2025;BQ;441100;LEGRAND BOURDON ET FILS - reglement;858,28;;NA;F0015;FA202507-0173
BQ202500390;29/08/2025;BQ;511100;Paiement FA202507-0173;;858,28;NA;F0015;FA202507-0173
BQ202500410;29/08/2025;BQ;441100;ROY BOUVIER SARL - reglement;2560,15;;NA;F0005;FA202507-0200
BQ202500410;29/08/2025;BQ;511100;Paiement FA202507-0200;;2560,15;NA;F0005;FA202507-0200
BQ202500371;30/08/2025;BQ;441100;GRÉGOIRE - reglement;3200,00;;NA;F0012;FA202508-0153
BQ202500371;30/08/2025;BQ;511100;Paiement FA202508-0153;;3200,00;NA;F0012;FA202508-0153
BQ202500037;31/08/2025;BQ;511100;Encaissement FV202507-0044;17183,18;;NA;C0015;FV202507-0044
BQ202500037;31/08/2025;BQ;401100;JACQUET - reglement;;17183,18;NA;C0015;FV202507-0044
OD202500026;31/08/2025;OD;461411;Solde TVA collectee 08/2025;13365,87;;NA;;TVA-08
OD202500026;31/08/2025;OD;461413;Solde TVA collectee 08/2025;411,69;;NA;;TVA-08
OD202500026;31/08/2025;OD;421613;Solde TVA deductible 08/2025;;439,50;NA;;TVA-08
OD202500026;31/08/2025;OD;421611;Solde TVA deductible 08/2025;;5875,80;NA;;TVA-08
OD202500026;31/08/2025;OD;421614;Solde TVA deductible 08/2025;;4,57;NA;;TVA-08
OD202500026;31/08/2025;OD;461500;TVA due 08/2025;;7457,69;NA;;TVA-08
AC202500117;01/09/2025;AC;606000;Achat de marchandises - taux reduit;4835,43;;A8;F0011;FA202509-0117
AC202500117;01/09/2025;AC;421613;TVA deductible 8%;386,83;;NA;F0011;FA202509-0117
AC202500117;01/09/2025;AC;441100;GUIBERT S.A. - Achat de marchandises - taux reduit;;5222,26;NA;F0011;FA202509-0117
BQ202500022;01/09/2025;BQ;511100;Encaissement FV202508-0028;1040,17;;NA;C0008;FV202508-0028
BQ202500022;01/09/2025;BQ;401100;BOUTIN DUMAS ET FILS - reglement;;1040,17;NA;C0008;FV202508-0028
BQ202500134;01/09/2025;BQ;511100;Encaissement FV202507-0154;1826,48;;NA;C0016;FV202507-0154
BQ202500134;01/09/2025;BQ;401100;ADAM VERDIER ET FILS - reglement;;1826,48;NA;C0016;FV202507-0154
BQ202500247;01/09/2025;BQ;511100;Encaissement FV202507-0300;4302,91;;NA;C0024;FV202507-0300
BQ202500247;01/09/2025;BQ;401100;LESAGE - reglement;;4302,91;NA;C0024;FV202507-0300
BQ202500312;01/09/2025;BQ;441100;JACQUES S.A. - reglement;9865,38;;NA;F0010;FA202507-0074
BQ202500312;01/09/2025;BQ;511100;Paiement FA202507-0074;;9865,38;NA;F0010;FA202507-0074
BQ202500422;01/09/2025;BQ;441100;BOURDON S.A.R.L. - reglement;6308,70;;NA;F0004;FA202507-0220
BQ202500422;01/09/2025;BQ;511100;Paiement FA202507-0220;;6308,70;NA;F0004;FA202507-0220
VE202500251;01/09/2025;VE;401100;FISCHER - Vente de biens - taux super-reduit;1505,99;;NA;C0021;FV202509-0251
VE202500251;01/09/2025;VE;702000;Vente de biens - taux super-reduit;;1462,13;S3;C0021;FV202509-0251
VE202500251;01/09/2025;VE;461414;TVA collectee 3%;;43,86;NA;C0021;FV202509-0251
VE202500288;01/09/2025;VE;401100;BARTHELEMY S.A.S. - Vente de produits finis;671,10;;NA;C0005;FV202509-0288
VE202500288;01/09/2025;VE;705000;Vente de produits finis;;573,59;S17;C0005;FV202509-0288
VE202500288;01/09/2025;VE;461411;TVA collectee 17%;;97,51;NA;C0005;FV202509-0288
BQ202500195;04/09/2025;BQ;511100;Encaissement FV202507-0232;678,58;;NA;C0026;FV202507-0232
BQ202500195;04/09/2025;BQ;401100;DOS SANTOS BESNARD SA - reglement;;678,58;NA;C0026;FV202507-0232
BQ202500233;04/09/2025;BQ;511100;Encaissement FV202507-0285;16225,58;;NA;C0026;FV202507-0285
BQ202500233;04/09/2025;BQ;401100;DOS SANTOS BESNARD SA - reglement;;16225,58;NA;C0026;FV202507-0285
VE202500063;04/09/2025;VE;401100;JACQUET SARL - Vente de marchandises;3735,58;;NA;C0009;FV202509-0063
VE202500063;04/09/2025;VE;702000;Vente de marchandises;;3192,80;S17;C0009;FV202509-0063
VE202500063;04/09/2025;VE;461411;TVA collectee 17%;;542,78;NA;C0009;FV202509-0063
AC202500145;05/09/2025;AC;616200;Frais de restaurant;291,82;;A3;F0010;FA202509-0145
AC202500145;05/09/2025;AC;421614;TVA deductible 3%;8,75;;NA;F0010;FA202509-0145
AC202500145;05/09/2025;AC;441100;JACQUES S.A. - Frais de restaurant;;300,57;NA;F0010;FA202509-0145
VE202500041;05/09/2025;VE;401100;AUGER - Prestation de services;3429,27;;NA;C0013;FV202509-0041
VE202500041;05/09/2025;VE;704000;Prestation de services;;2931,00;S17;C0013;FV202509-0041
VE202500041;05/09/2025;VE;461411;TVA collectee 17%;;498,27;NA;C0013;FV202509-0041
VE202500157;05/09/2025;VE;401100;BONNIN SA - Prestation de services;541,32;;NA;C0014;FV202509-0157
VE202500157;05/09/2025;VE;704000;Prestation de services;;462,67;S17;C0014;FV202509-0157
VE202500157;05/09/2025;VE;461411;TVA collectee 17%;;78,65;NA;C0014;FV202509-0157
BQ202500074;07/09/2025;BQ;511100;Encaissement FV202508-0084;8090,70;;A17;C0008;FV202508-0084
BQ202500074;07/09/2025;BQ;401100;BOUTIN DUMAS ET FILS - reglement;;8090,70;NA;C0008;FV202508-0084
BQ202500265;07/09/2025;BQ;441100;LAPORTE MULLER SA - reglement;7395,89;;NA;F0016;FA202508-0022
BQ202500265;07/09/2025;BQ;511100;Paiement FA202508-0022;;7395,89;NA;F0016;FA202508-0022
VE202500212;08/09/2025;VE;401100;BONNIN SA - Vente de marchandises;9801,07;;NA;C0014;FV202509-0212
VE202500212;08/09/2025;VE;702000;Vente de marchandises;;8376,98;S17;C0014;FV202509-0212
VE202500212;08/09/2025;VE;461411;TVA collectee 17%;;1424,09;NA;C0014;FV202509-0212
AC202500148;09/09/2025;AC;611000;Loyer du mois;3200,00;;A0;F0018;FA202509-0148
AC202500148;09/09/2025;AC;441100;FOUCHER - Loyer du mois;;3200,00;NA;F0018;FA202509-0148
BQ202500154;09/09/2025;BQ;511100;Encaissement FV202507-0178;4843,64;;NA;C0005;FV202507-0178
BQ202500154;09/09/2025;BQ;401100;BARTHELEMY S.A.S. - reglement;;4843,64;NA;C0005;FV202507-0178
BQ202500317;09/09/2025;BQ;441100;FERRAND - reglement;1492,99;;NA;F0013;FA202507-0079
BQ202500317;09/09/2025;BQ;511100;Paiement FA202507-0079;;1492,99;NA;F0013;FA202507-0079
BQ202500408;09/09/2025;BQ;441100;FERRAND - reglement;1006,56;;NA;F0013;FA202508-0198
BQ202500408;09/09/2025;BQ;511100;Paiement FA202508-0198;;1006,56;NA;F0013;FA202508-0198
VE202500116;09/09/2025;VE;401100;LESAGE - Prestation de services;6687,05;;NA;C0024;FV202509-0116
VE202500116;09/09/2025;VE;704000;Prestation de services;;5715,43;S17;C0024;FV202509-0116
VE202500116;09/09/2025;VE;461411;TVA collectee 17%;;971,62;NA;C0024;FV202509-0116
VE202500196;09/09/2025;VE;401100;BARTHELEMY S.A.S. - Prestation de services;1974,56;;NA;C0005;FV202509-0196
VE202500196;09/09/2025;VE;704000;Prestation de services;;1687,66;S17;C0005;FV202509-0196
VE202500196;09/09/2025;VE;461411;TVA collectee 17%;;286,90;NA;C0005;FV202509-0196
BQ202500145;10/09/2025;BQ;511100;Encaissement FV202508-0167;1733,46;;NA;C0025;FV202508-0167
BQ202500145;10/09/2025;BQ;401100;REY - reglement;;1733,46;NA;C0025;FV202508-0167
VE202500040;10/09/2025;VE;401100;HENRY - Prestation intracommunautaire;3139,94;;NA;C0010;FV202509-0040
VE202500040;10/09/2025;VE;704000;Prestation intracommunautaire;;3139,94;SIC;C0010;FV202509-0040
AC202500077;11/09/2025;AC;615000;Campagne de publicite;3239,73;;A17;F0011;FA202509-0077
AC202500077;11/09/2025;AC;421611;TVA deductible 17%;550,75;;NA;F0011;FA202509-0077
AC202500077;11/09/2025;AC;441100;GUIBERT S.A. - Campagne de publicite;;3790,48;NA;F0011;FA202509-0077
BQ202500113;11/09/2025;BQ;511100;Encaissement FV202508-0130;10156,36;;NA;C0006;FV202508-0130
BQ202500113;11/09/2025;BQ;401100;FONTAINE LE ROUX SARL - reglement;;10156,36;NA;C0006;FV202508-0130
VE202500058;11/09/2025;VE;401100;BONNEAU - Prestation intracommunautaire;3588,04;;NA;C0007;FV202509-0058
VE202500058;11/09/2025;VE;704000;Prestation intracommunautaire;;3588,04;SIC;C0007;FV202509-0058
VE202500118;11/09/2025;VE;401100;HENRY - Prestation de services;3759,90;;NA;C0010;FV202509-0118
VE202500118;11/09/2025;VE;704000;Prestation de services;;3213,59;S17;C0010;FV202509-0118
VE202500118;11/09/2025;VE;461411;TVA collectee 17%;;546,31;NA;C0010;FV202509-0118
VE202500250;11/09/2025;VE;401100;BARTHELEMY S.A.S. - Prestation de services;1548,83;;NA;C0005;FV202509-0250
VE202500250;11/09/2025;VE;704000;Prestation de services;;1323,79;S17;C0005;FV202509-0250
VE202500250;11/09/2025;VE;461411;TVA collectee 17%;;225,04;NA;C0005;FV202509-0250
AC202500150;12/09/2025;AC;601000;Achat de matieres premieres;1892,83;;A17;F0002;FA202509-0150
AC202500150;12/09/2025;AC;421611;TVA deductible 17%;321,78;;NA;F0002;FA202509-0150
AC202500150;12/09/2025;AC;441100;ALVES - Achat de matieres premieres;;2214,61;NA;F0002;FA202509-0150
AC202500159;12/09/2025;AC;606000;Achat de marchandises;3788,23;;A17;F0012;FA202509-0159
AC202500159;12/09/2025;AC;421611;TVA deductible 17%;644,00;;NA;F0012;FA202509-0159
AC202500159;12/09/2025;AC;441100;GRÉGOIRE - Achat de marchandises;;4432,23;NA;F0012;FA202509-0159
AC202500176;12/09/2025;AC;614300;Abonnements logiciels;230,04;;A17;F0009;FA202509-0176
AC202500176;12/09/2025;AC;421611;TVA deductible 17%;39,11;;NA;F0009;FA202509-0176
AC202500176;12/09/2025;AC;441100;ROCHE SARL - Abonnements logiciels;;269,15;NA;F0009;FA202509-0176
BQ202500290;13/09/2025;BQ;441100;DUVAL - reglement;3200,00;;NA;F0008;FA202508-0049
BQ202500290;13/09/2025;BQ;511100;Paiement FA202508-0049;;3200,00;NA;F0008;FA202508-0049
AC202500056;15/09/2025;AC;616200;Frais de restaurant;180,99;;A3;F0003;FA202509-0056
AC202500056;15/09/2025;AC;421614;TVA deductible 3%;5,43;;NA;F0003;FA202509-0056
AC202500056;15/09/2025;AC;441100;THIBAULT BOUCHET SARL - Frais de restaurant;;186,42;NA;F0003;FA202509-0056
AC202500139;15/09/2025;AC;614200;Honoraires juridiques;2839,76;;A17;F0015;FA202509-0139
AC202500139;15/09/2025;AC;421611;TVA deductible 17%;482,76;;NA;F0015;FA202509-0139
AC202500139;15/09/2025;AC;441100;LEGRAND BOURDON ET FILS - Honoraires juridiques;;3322,52;NA;F0015;FA202509-0139
BQ202500334;15/09/2025;BQ;441100;FERRAND - reglement;7866,89;;NA;F0013;FA202508-0104
BQ202500334;15/09/2025;BQ;511100;Paiement FA202508-0104;;7866,89;NA;F0013;FA202508-0104
AC202500001;16/09/2025;AC;614100;Honoraires comptables;792,58;;A17;F0010;FA202509-0001
AC202500001;16/09/2025;AC;421611;TVA deductible 17%;134,74;;NA;F0010;FA202509-0001
AC202500001;16/09/2025;AC;441100;JACQUES S.A. - Honoraires comptables;;927,32;NA;F0010;FA202509-0001
BQ202500030;16/09/2025;BQ;511100;Encaissement FV202508-0037;2978,63;;NA;C0001;FV202508-0037
BQ202500030;16/09/2025;BQ;401100;ROUSSEL - reglement;;2978,63;NA;C0001;FV202508-0037
VE202500135;16/09/2025;VE;401100;CHEVALIER SARL - Vente de biens - taux super-reduit;6551,40;;NA;C0011;FV202509-0135
VE202500135;16/09/2025;VE;702000;Vente de biens - taux super-reduit;;6360,58;S3;C0011;FV202509-0135
VE202500135;16/09/2025;VE;461414;TVA collectee 3%;;190,82;NA;C0011;FV202509-0135
BQ202500225;17/09/2025;BQ;511100;Encaissement FV202507-0274;1053,61;;NA;C0025;FV202507-0274
BQ202500225;17/09/2025;BQ;401100;REY - reglement;;1053,61;NA;C0025;FV202507-0274
VE202500022;17/09/2025;VE;401100;BOUTIN DUMAS ET FILS - Prestation de services;4508,88;;NA;C0008;FV202509-0022
VE202500022;17/09/2025;VE;704000;Prestation de services;;3853,74;S17;C0008;FV202509-0022
VE202500022;17/09/2025;VE;461411;TVA collectee 17%;;655,14;NA;C0008;FV202509-0022
AC202500236;18/09/2025;AC;606000;Achat de marchandises;8042,71;;A17;F0008;FA202509-0236
AC202500236;18/09/2025;AC;421611;TVA deductible 17%;1367,26;;NA;F0008;FA202509-0236
AC202500236;18/09/2025;AC;441100;DUVAL - Achat de marchandises;;9409,97;NA;F0008;FA202509-0236
BQ202500104;18/09/2025;BQ;511100;Encaissement FV202508-0120;1238,49;;NA;C0021;FV202508-0120
BQ202500104;18/09/2025;BQ;401100;FISCHER - reglement;;1238,49;NA;C0021;FV202508-0120
BQ202500251;18/09/2025;BQ;441100;LEGRAND BOURDON ET FILS - reglement;1661,13;;NA;F0015;FA202508-0004
BQ202500251;18/09/2025;BQ;511100;Paiement FA202508-0004;;1661,13;NA;F0015;FA202508-0004
BQ202500270;18/09/2025;BQ;441100;JACQUES S.A. - reglement;671,50;;NA;F0010;FA202508-0027
BQ202500270;18/09/2025;BQ;511100;Paiement FA202508-0027;;671,50;NA;F0010;FA202508-0027
BQ202500273;18/09/2025;BQ;441100;MARQUES - reglement;605,18;;NA;F0001;FA202507-0030
BQ202500273;18/09/2025;BQ;511100;Paiement FA202507-0030;;605,18;NA;F0001;FA202507-0030
VE202500124;18/09/2025;VE;401100;JACQUET - Prestation de services;685,71;;NA;C0015;FV202509-0124
VE202500124;18/09/2025;VE;704000;Prestation de services;;586,08;S17;C0015;FV202509-0124
VE202500124;18/09/2025;VE;461411;TVA collectee 17%;;99,63;NA;C0015;FV202509-0124
VE202500049;19/09/2025;VE;401100;BOUVET - Vente de marchandises - taux reduit;4483,83;;NA;C0018;FV202509-0049
VE202500049;19/09/2025;VE;702000;Vente de marchandises - taux reduit;;4151,69;S8;C0018;FV202509-0049
VE202500049;19/09/2025;VE;461413;TVA collectee 8%;;332,14;NA;C0018;FV202509-0049
VE202500223;19/09/2025;VE;401100;DOS SANTOS BESNARD SA - Prestation de services;8946,08;;NA;C0026;FV202509-0223
VE202500223;19/09/2025;VE;704000;Prestation de services;;7646,22;S17;C0026;FV202509-0223
VE202500223;19/09/2025;VE;461411;TVA collectee 17%;;1299,86;NA;C0026;FV202509-0223
VE202500244;19/09/2025;VE;401100;JACQUOT ET FILS - Prestation intracommunautaire;11796,49;;NA;C0027;FV202509-0244
VE202500244;19/09/2025;VE;704000;Prestation intracommunautaire;;11796,49;SIC;C0027;FV202509-0244
BQ202500359;20/09/2025;BQ;441100;BOURDON S.A.R.L. - reglement;498,97;;NA;F0004;FA202508-0133
BQ202500359;20/09/2025;BQ;511100;Paiement FA202508-0133;;498,97;NA;F0004;FA202508-0133
BQ202500023;21/09/2025;BQ;511100;Encaissement FV202508-0029;19353,73;;NA;C0018;FV202508-0029
BQ202500023;21/09/2025;BQ;401100;BOUVET - reglement;;19353,73;NA;C0018;FV202508-0029
BQ202500352;22/09/2025;BQ;441100;ALVES - reglement;77,39;;NA;F0002;FA202507-0125
BQ202500352;22/09/2025;BQ;511100;Paiement FA202507-0125;;77,39;NA;F0002;FA202507-0125
VE202500263;22/09/2025;VE;401100;JACQUET SARL - Prestation de services;2731,74;;NA;C0009;FV202509-0263
VE202500263;22/09/2025;VE;704000;Prestation de services;;2334,82;S17;C0009;FV202509-0263
VE202500263;22/09/2025;VE;461411;TVA collectee 17%;;396,92;NA;C0009;FV202509-0263
BQ202500046;23/09/2025;BQ;511100;Encaissement FV202507-0054;4465,74;;NA;C0020;FV202507-0054
BQ202500046;23/09/2025;BQ;401100;LECLERCQ S.A.S. - reglement;;4465,74;NA;C0020;FV202507-0054
BQ202500231;23/09/2025;BQ;511100;Encaissement FV202507-0283;4238,89;;NA;C0011;FV202507-0283
BQ202500231;23/09/2025;BQ;401100;CHEVALIER SARL - reglement;;4238,89;NA;C0011;FV202507-0283
VE202500053;23/09/2025;VE;401100;BONNEAU - Vente de marchandises;2320,96;;NA;C0007;FV202509-0053
VE202500053;23/09/2025;VE;702000;Vente de marchandises;;1983,73;S17;C0007;FV202509-0053
VE202500053;23/09/2025;VE;461411;TVA collectee 17%;;337,23;NA;C0007;FV202509-0053
VE202500166;23/09/2025;VE;401100;ROUSSEL - Vente de marchandises;1720,18;;NA;C0001;FV202509-0166
VE202500166;23/09/2025;VE;702000;Vente de marchandises;;1470,24;S17;C0001;FV202509-0166
VE202500166;23/09/2025;VE;461411;TVA collectee 17%;;249,94;NA;C0001;FV202509-0166
AC202500008;24/09/2025;AC;617000;Telecommunications;770320,00;;A17;F0003;FA202509-0008
AC202500008;24/09/2025;AC;421611;TVA deductible 17%;130950,00;;NA;F0003;FA202509-0008
AC202500008;24/09/2025;AC;441100;THIBAULT BOUCHET SARL - Telecommunications;;901270,00;NA;F0003;FA202509-0008
BQ202500102;24/09/2025;BQ;511100;Encaissement FV202509-0118;3759,90;;NA;C0010;FV202509-0118
BQ202500102;24/09/2025;BQ;401100;HENRY - reglement;;3759,90;NA;C0010;FV202509-0118
BQ202500375;24/09/2025;BQ;441100;GUIBERT S.A. - reglement;4978,16;;NA;F0011;FA202508-0157
BQ202500375;24/09/2025;BQ;511100;Paiement FA202508-0157;;4978,16;NA;F0011;FA202508-0157
AC202500216;25/09/2025;AC;614200;Honoraires juridiques;1991,89;;A17;F0016;FA202509-0216
AC202500216;25/09/2025;AC;421611;TVA deductible 17%;338,62;;NA;F0016;FA202509-0216
AC202500216;25/09/2025;AC;441100;LAPORTE MULLER SA - Honoraires juridiques;;2330,51;NA;F0016;FA202509-0216
BQ202500343;25/09/2025;BQ;441100;LEGRAND BOURDON ET FILS - reglement;914,33;;NA;F0015;FA202508-0115
BQ202500343;25/09/2025;BQ;511100;Paiement FA202508-0115;;914,33;NA;F0015;FA202508-0115
OD202500009;25/09/2025;OD;621000;Salaires bruts 09/2025;22954,48;;NA;;PAIE-09
OD202500009;25/09/2025;OD;622000;Charges patronales 09/2025;2984,08;;NA;;PAIE-09
OD202500009;25/09/2025;OD;462000;Cotisations CCSS;;5853,39;NA;;PAIE-09
OD202500009;25/09/2025;OD;471000;Net a payer;;20085,17;NA;;PAIE-09
VE202500064;25/09/2025;VE;401100;ADAM VERDIER ET FILS - Vente de marchandises;984,01;;NA;C0016;FV202509-0064
VE202500064;25/09/2025;VE;702000;Vente de marchandises;;841,03;S17;C0016;FV202509-0064
VE202500064;25/09/2025;VE;461411;TVA collectee 17%;;142,98;NA;C0016;FV202509-0064
BQ202500460;28/09/2025;BQ;618000;Frais de tenue de compte;37,49;;NA;;BQ-FRAIS-09
BQ202500460;28/09/2025;BQ;511100;Frais bancaires;;37,49;NA;;BQ-FRAIS-09
BQ202500461;28/09/2025;BQ;192100;Remboursement emprunt - capital;1600,00;;NA;;EMP-09
BQ202500461;28/09/2025;BQ;655000;Interets de l'emprunt;214,93;;NA;;EMP-09
BQ202500461;28/09/2025;BQ;511100;Echeance emprunt;;1814,93;NA;;EMP-09
BQ202500484;28/09/2025;BQ;471000;Virement des salaires;20085,17;;NA;;PAIE-09
BQ202500484;28/09/2025;BQ;511100;Virement des salaires;;20085,17;NA;;PAIE-09
BQ202500485;28/09/2025;BQ;462000;Paiement CCSS;5853,39;;NA;;CCSS-09
BQ202500485;28/09/2025;BQ;511100;Paiement CCSS;;5853,39;NA;;CCSS-09
OD202500015;28/09/2025;OD;221900;Amortissement T3;;1125,00;NA;;AMORT-T3
OD202500015;28/09/2025;OD;222900;Amortissement T3;;1550,00;NA;;AMORT-T3
OD202500015;28/09/2025;OD;223900;Amortissement T3;;4215,00;NA;;AMORT-T3
OD202500015;28/09/2025;OD;211900;Amortissement T3;;775,00;NA;;AMORT-T3
OD202500015;28/09/2025;OD;631000;Dotation aux amortissements T3;7665,00;;NA;;AMORT-T3
BQ202500315;29/09/2025;BQ;441100;GUIBERT S.A. - reglement;3790,48;;NA;F0011;FA202509-0077
BQ202500315;29/09/2025;BQ;511100;Paiement FA202509-0077;;3790,48;NA;F0011;FA202509-0077
BQ202500435;29/09/2025;BQ;441100;GRONDIN - reglement;2542,07;;NA;F0020;FA202508-0239
BQ202500435;29/09/2025;BQ;511100;Paiement FA202508-0239;;2542,07;NA;F0020;FA202508-0239
AC202500064;30/09/2025;AC;614300;Abonnements logiciels;1332,40;;A17;F0002;FA202509-0064
AC202500064;30/09/2025;AC;421611;TVA deductible 17%;226,51;;NA;F0002;FA202509-0064
AC202500064;30/09/2025;AC;441100;ALVES - Abonnements logiciels;;1558,91;NA;F0002;FA202509-0064
OD202500027;30/09/2025;OD;461411;Solde TVA collectee 09/2025;8248,33;;NA;;TVA-09
OD202500027;30/09/2025;OD;461413;Solde TVA collectee 09/2025;332,14;;NA;;TVA-09
OD202500027;30/09/2025;OD;461414;Solde TVA collectee 09/2025;234,68;;NA;;TVA-09
OD202500027;30/09/2025;OD;421611;Solde TVA deductible 09/2025;;4236,48;NA;;TVA-09
OD202500027;30/09/2025;OD;421614;Solde TVA deductible 09/2025;;14,18;NA;;TVA-09
OD202500027;30/09/2025;OD;421613;Solde TVA deductible 09/2025;;386,83;NA;;TVA-09
OD202500027;30/09/2025;OD;461500;TVA due 09/2025;;4177,66;NA;;TVA-09
VE202500142;30/09/2025;VE;401100;BARTHELEMY S.A.S. - Vente de produits finis;2721,67;;NA;C0005;FV202509-0142
VE202500142;30/09/2025;VE;705000;Vente de produits finis;;2326,21;S17;C0005;FV202509-0142
VE202500142;30/09/2025;VE;461411;TVA collectee 17%;;395,46;NA;C0005;FV202509-0142
AC202500006;01/10/2025;AC;616100;Transport sur achats;323,62;;A17;F0012;FA202510-0006
AC202500006;01/10/2025;AC;421611;TVA deductible 17%;55,02;;NA;F0012;FA202510-0006
AC202500006;01/10/2025;AC;441100;GRÉGOIRE - Transport sur achats;;378,64;NA;F0012;FA202510-0006
BQ202500164;01/10/2025;BQ;511100;Encaissement FV202508-0190;392,64;;NA;C0009;FV202508-0190
BQ202500164;01/10/2025;BQ;401100;JACQUET SARL - reglement;;392,64;NA;C0009;FV202508-0190
BQ202500369;01/10/2025;BQ;441100;ALVES - reglement;2214,61;;NA;F0002;FA202509-0150
BQ202500369;01/10/2025;BQ;511100;Paiement FA202509-0150;;2214,61;NA;F0002;FA202509-0150
VE202500046;01/10/2025;VE;401100;PARENT - Vente de marchandises;874,05;;NA;C0028;FV202510-0046
VE202500046;01/10/2025;VE;702000;Vente de marchandises;;747,05;S17;C0028;FV202510-0046
VE202500046;01/10/2025;VE;461411;TVA collectee 17%;;127,00;NA;C0028;FV202510-0046
VE202500061;01/10/2025;VE;401100;FONTAINE LE ROUX SARL - Vente de marchandises;4629,97;;NA;C0006;FV202510-0061
VE202500061;01/10/2025;VE;702000;Vente de marchandises;;3957,24;S17;C0006;FV202510-0061
VE202500061;01/10/2025;VE;461411;TVA collectee 17%;;672,73;NA;C0006;FV202510-0061
VE202500177;01/10/2025;VE;401100;BARTHELEMY S.A.S. - Prestation de services;7243,63;;NA;C0005;FV202510-0177
VE202500177;01/10/2025;VE;704000;Prestation de services;;6191,14;S17;C0005;FV202510-0177
VE202500177;01/10/2025;VE;461411;TVA collectee 17%;;1052,49;NA;C0005;FV202510-0177
AC202500141;02/10/2025;AC;606000;Achat de marchandises;10238,21;;A17;F0014;FA202510-0141
AC202500141;02/10/2025;AC;421611;TVA deductible 17%;1740,50;;NA;F0014;FA202510-0141
AC202500141;02/10/2025;AC;441100;BOUSQUET - Achat de marchandises;;11978,71;NA;F0014;FA202510-0141
BQ202500377;03/10/2025;BQ;441100;GRÉGOIRE - reglement;4432,23;;NA;F0012;FA202509-0159
BQ202500377;03/10/2025;BQ;511100;Paiement FA202509-0159;;4432,23;NA;F0012;FA202509-0159
VE202500024;03/10/2025;VE;401100;AUGER - Vente de marchandises;3240,95;;NA;C0013;FV202510-0024
VE202500024;03/10/2025;VE;702000;Vente de marchandises;;2770,04;S17;C0013;FV202510-0024
VE202500024;03/10/2025;VE;461411;TVA collectee 17%;;470,91;NA;C0013;FV202510-0024
VE202500163;03/10/2025;VE;401100;REY - Vente de produits finis;3173,93;;NA;C0025;FV202510-0163
VE202500163;03/10/2025;VE;705000;Vente de produits finis;;2712,76;S17;C0025;FV202510-0163
VE202500163;03/10/2025;VE;461411;TVA collectee 17%;;461,17;NA;C0025;FV202510-0163
AC202500164;08/10/2025;AC;607100;Fournitures de bureau;733,70;;A17;F0016;FA202510-0164
AC202500164;08/10/2025;AC;421611;TVA deductible 17%;124,73;;NA;F0016;FA202510-0164
AC202500164;08/10/2025;AC;441100;LAPORTE MULLER SA - Fournitures de bureau;;858,43;NA;F0016;FA202510-0164
VE202500192;08/10/2025;VE;401100;ROUSSEL - Prestation de services;4253,97;;NA;C0001;FV202510-0192
VE202500192;08/10/2025;VE;704000;Prestation de services;;3635,87;S17;C0001;FV202510-0192
VE202500192;08/10/2025;VE;461411;TVA collectee 17%;;618,10;NA;C0001;FV202510-0192
AC202500024;09/10/2025;AC;611500;Charges locatives;530,11;;A17;F0003;FA202510-0024
AC202500024;09/10/2025;AC;421611;TVA deductible 17%;90,12;;NA;F0003;FA202510-0024
AC202500024;09/10/2025;AC;441100;THIBAULT BOUCHET SARL - Charges locatives;;620,23;NA;F0003;FA202510-0024
BQ202500179;09/10/2025;BQ;511100;Encaissement FV202508-0210;7801,33;;NA;C0023;FV202508-0210
BQ202500179;09/10/2025;BQ;401100;COLLET - reglement;;7801,33;NA;C0023;FV202508-0210
BQ202500345;09/10/2025;BQ;441100;GUIBERT S.A. - reglement;5222,26;;NA;F0011;FA202509-0117
BQ202500345;09/10/2025;BQ;511100;Paiement FA202509-0117;;5222,26;NA;F0011;FA202509-0117
VE202500079;09/10/2025;VE;401100;DIAZ PETITJEAN ET FILS - Vente de marchandises - taux reduit;4026,13;;NA;C0017;FV202510-0079
VE202500079;09/10/2025;VE;702000;Vente de marchandises - taux reduit;;3727,90;S8;C0017;FV202510-0079
VE202500079;09/10/2025;VE;461413;TVA collectee 8%;;298,23;NA;C0017;FV202510-0079
VE202500164;09/10/2025;VE;401100;BONNEAU - Prestation de services;4001,54;;NA;C0007;FV202510-0164
VE202500164;09/10/2025;VE;704000;Prestation de services;;3420,12;S17;C0007;FV202510-0164
VE202500164;09/10/2025;VE;461411;TVA collectee 17%;;581,42;NA;C0007;FV202510-0164
AC202500116;10/10/2025;AC;607200;Electricite et gaz;670,18;;A8;F0009;FA202510-0116
AC202500116;10/10/2025;AC;421613;TVA deductible 8%;53,61;;NA;F0009;FA202510-0116
AC202500116;10/10/2025;AC;441100;ROCHE SARL - Electricite et gaz;;723,79;NA;F0009;FA202510-0116
BQ202500205;10/10/2025;BQ;511100;Encaissement FV202509-0251;1505,99;;NA;C0021;FV202509-0251
BQ202500205;10/10/2025;BQ;401100;FISCHER - reglement;;1505,99;NA;C0021;FV202509-0251
BQ202500034;11/10/2025;BQ;511100;Encaissement FV202509-0041;3429,27;;NA;C0013;FV202509-0041
BQ202500034;11/10/2025;BQ;401100;AUGER - reglement;;3429,27;NA;C0013;FV202509-0041
BQ202500236;12/10/2025;BQ;511100;Encaissement FV202509-0288;671,10;;NA;C0005;FV202509-0288
BQ202500236;12/10/2025;BQ;401100;BARTHELEMY S.A.S. - reglement;;671,10;NA;C0005;FV202509-0288
BQ202500082;13/10/2025;BQ;511100;Encaissement FV202508-0092;763,61;;NA;C0021;FV202508-0092
BQ202500082;13/10/2025;BQ;401100;FISCHER - reglement;;763,61;NA;C0021;FV202508-0092
VE202500105;13/10/2025;VE;401100;BRUNEAU S.A.S. - Vente de marchandises;3349,36;;NA;C0022;FV202510-0105
VE202500105;13/10/2025;VE;702000;Vente de marchandises;;2862,70;S17;C0022;FV202510-0105
VE202500105;13/10/2025;VE;461411;TVA collectee 17%;;486,66;NA;C0022;FV202510-0105
VE202500165;14/10/2025;VE;401100;COLLET - Vente de marchandises;2696,09;;NA;C0023;FV202510-0165
VE202500165;14/10/2025;VE;702000;Vente de marchandises;;2304,35;S17;C0023;FV202510-0165
VE202500165;14/10/2025;VE;461411;TVA collectee 17%;;391,74;NA;C0023;FV202510-0165
AC202500070;15/10/2025;AC;607100;Fournitures de bureau;498,38;;A17;F0015;FA202510-0070
AC202500070;15/10/2025;AC;421611;TVA deductible 17%;84,72;;NA;F0015;FA202510-0070
AC202500070;15/10/2025;AC;441100;LEGRAND BOURDON ET FILS - Fournitures de bureau;;583,10;NA;F0015;FA202510-0070
AC202500086;15/10/2025;AC;607100;Fournitures de bureau;707,96;353,98;A17;F0001;FA202510-0086
AC202500086;15/10/2025;AC;421611;TVA deductible 17%;120,35;;NA;F0001;FA202510-0086
AC202500086;15/10/2025;AC;441100;MARQUES - Fournitures de bureau;;828,31;NA;F0001;FA202510-0086
BQ202500049;15/10/2025;BQ;511100;Encaissement FV202509-0058;3588,04;;NA;C0007;FV202509-0058
BQ202500049;15/10/2025;BQ;401100;BONNEAU - reglement;;3588,04;NA;C0007;FV202509-0058
BQ202500246;15/10/2025;BQ;511100;Encaissement FV202508-0299;3830,65;;NA;C0016;FV202508-0299
BQ202500246;15/10/2025;BQ;401100;ADAM VERDIER ET FILS - reglement;;3830,65;NA;C0016;FV202508-0299
VE202500239;16/10/2025;VE;401100;LOUIS PAYET S.A. - Vente de marchandises;3879,65;;NA;C0019;FV202510-0239
VE202500239;16/10/2025;VE;702000;Vente de marchandises;;3315,94;S17;C0019;FV202510-0239
VE202500239;16/10/2025;VE;461411;TVA collectee 17%;;563,71;NA;C0019;FV202510-0239
VE202500272;16/10/2025;VE;401100;BONNIN SA - Vente de marchandises - taux reduit;1247,38;;NA;C0014;FV202510-0272
VE202500272;16/10/2025;VE;702000;Vente de marchandises - taux reduit;;1154,98;S8;C0014;FV202510-0272
VE202500272;16/10/2025;VE;461413;TVA collectee 8%;;92,40;NA;C0014;FV202510-0272
BQ202500180;17/10/2025;BQ;511100;Encaissement FV202509-0212;9801,07;;NA;C0014;FV202509-0212
BQ202500180;17/10/2025;BQ;401100;BONNIN SA - reglement;;9801,07;NA;C0014;FV202509-0212
VE202500086;17/10/2025;VE;401100;BONNEAU - Prestation de services;1698,99;;NA;C0007;FV202510-0086
VE202500086;17/10/2025;VE;704000;Prestation de services;;1452,13;S17;C0007;FV202510-0086
VE202500086;17/10/2025;VE;461411;TVA collectee 17%;;246,86;NA;C0007;FV202510-0086
VE202500236;17/10/2025;VE;401100;AUGER - Prestation de services;9601,71;;NA;C0013;FV202510-0236
VE202500236;17/10/2025;VE;704000;Prestation de services;;8206,59;S17;C0013;FV202510-0236
VE202500236;17/10/2025;VE;461411;TVA collectee 17%;;1395,12;NA;C0013;FV202510-0236
VE202500268;17/10/2025;VE;401100;JOLY S.A.R.L. - Exportation hors UE;3192,57;;NA;C0002;FV202510-0268
VE202500268;17/10/2025;VE;702000;Exportation hors UE;;3192,57;SEX;C0002;FV202510-0268
BQ202500101;18/10/2025;BQ;511100;Encaissement FV202509-0116;6687,05;;NA;C0024;FV202509-0116
BQ202500101;18/10/2025;BQ;401100;LESAGE - reglement;;6687,05;NA;C0024;FV202509-0116
BQ202500017;20/10/2025;BQ;511100;Encaissement FV202508-0021;1285,87;;NA;C0023;FV202508-0021
BQ202500017;20/10/2025;BQ;401100;COLLET - reglement;;1285,87;NA;C0023;FV202508-0021
BQ202500332;20/10/2025;BQ;441100;GRONDIN - reglement;5998,20;;NA;F0020;FA202508-0099
BQ202500332;20/10/2025;BQ;511100;Paiement FA202508-0099;;5998,20;NA;F0020;FA202508-0099
VE202500087;20/10/2025;VE;401100;HENRY - Prestation de services;445,71;;NA;C0010;FV202510-0087
VE202500087;20/10/2025;VE;704000;Prestation de services;;380,95;S17;C0010;FV202510-0087
VE202500087;20/10/2025;VE;461411;TVA collectee 17%;;64,76;NA;C0010;FV202510-0087
VE202500260;20/10/2025;VE;401100;BRUNEAU S.A.S. - Prestation de services;13687,60;;NA;C0022;FV202510-0260
VE202500260;20/10/2025;VE;704000;Prestation de services;;11698,80;S17;C0022;FV202510-0260
VE202500260;20/10/2025;VE;461411;TVA collectee 17%;;1988,80;NA;C0022;FV202510-0260
VE202500290;20/10/2025;VE;401100;AUGER - Prestation intracommunautaire;2165,30;;NA;C0013;FV202510-0290
VE202500290;20/10/2025;VE;704000;Prestation intracommunautaire;;2165,30;SIC;C0013;FV202510-0290
AC202500147;21/10/2025;AC;607300;Carburant;569,15;;A17;F0002;FA202510-0147
AC202500147;21/10/2025;AC;421611;TVA deductible 17%;96,76;;NA;F0002;FA202510-0147
AC202500147;21/10/2025;AC;441100;ALVES - Carburant;;665,91;NA;F0002;FA202510-0147
AC202500161;21/10/2025;AC;601000;Achat de matieres premieres;729,74;;A17;F0020;FA202510-0161
AC202500161;21/10/2025;AC;421611;TVA deductible 17%;124,06;;NA;F0020;FA202510-0161
AC202500161;21/10/2025;AC;441100;GRONDIN - Achat de matieres premieres;;853,80;NA;F0020;FA202510-0161
AC202500199;21/10/2025;AC;606000;Achat de marchandises;6761,57;;A17;F0009;FA202510-0199
AC202500199;21/10/2025;AC;421611;TVA deductible 17%;1149,47;;NA;F0009;FA202510-0199
AC202500199;21/10/2025;AC;441100;ROCHE SARL - Achat de marchandises;;7911,04;NA;F0009;FA202510-0199
BQ202500038;21/10/2025;BQ;511100;Encaissement FV202508-0045;1213,09;;NA;C0018;FV202508-0045
BQ202500038;21/10/2025;BQ;401100;BOUVET - reglement;;1213,09;NA;C0018;FV202508-0045
VE202500249;21/10/2025;VE;401100;GIMENEZ S.A. - Prestation de services;2661,22;;NA;C0004;FV202510-0249
VE202500249;21/10/2025;VE;704000;Prestation de services;;2274,55;S17;C0004;FV202510-0249
VE202500249;21/10/2025;VE;461411;TVA collectee 17%;;386,67;NA;C0004;FV202510-0249
AC202500185;22/10/2025;AC;615000;Campagne de publicite;1997,56;;A17;F0022;FA202510-0185
AC202500185;22/10/2025;AC;421611;TVA deductible 17%;339,59;;NA;F0022;FA202510-0185
AC202500185;22/10/2025;AC;441100;PHILIPPE - Campagne de publicite;;2337,15;NA;F0022;FA202510-0185
VE202500011;22/10/2025;VE;401100;DIAZ PETITJEAN ET FILS - Vente de marchandises - taux reduit;3162,53;;NA;C0017;FV202510-0011
VE202500011;22/10/2025;VE;702000;Vente de marchandises - taux reduit;;2928,27;S8;C0017;FV202510-0011
VE202500011;22/10/2025;VE;461413;TVA collectee 8%;;234,26;NA;C0017;FV202510-0011
VE202500071;22/10/2025;VE;401100;JACQUOT ET FILS - Vente de produits finis;4350,05;;NA;C0027;FV202510-0071
VE202500071;22/10/2025;VE;705000;Vente de produits finis;;3717,99;S17;C0027;FV202510-0071
VE202500071;22/10/2025;VE;461411;TVA collectee 17%;;632,06;NA;C0027;FV202510-0071
VE202500218;22/10/2025;VE;401100;LESAGE - Vente de marchandises;13057,66;;NA;C0024;FV202510-0218
VE202500218;22/10/2025;VE;702000;Vente de marchandises;;11160,39;S17;C0024;FV202510-0218
VE202500218;22/10/2025;VE;461411;TVA collectee 17%;;1897,27;NA;C0024;FV202510-0218
BQ202500344;23/10/2025;BQ;441100;ROCHE SARL - reglement;723,79;;NA;F0009;FA202510-0116
BQ202500344;23/10/2025;BQ;511100;Paiement FA202510-0116;;723,79;NA;F0009;FA202510-0116
VE202500025;23/10/2025;VE;401100;DIAZ PETITJEAN ET FILS - Vente de marchandises;1811,89;;NA;C0017;FV202510-0025
VE202500025;23/10/2025;VE;702000;Vente de marchandises;;1548,62;S17;C0017;FV202510-0025
VE202500025;23/10/2025;VE;461411;TVA collectee 17%;;263,27;NA;C0017;FV202510-0025
AC202500204;24/10/2025;AC;611500;Charges locatives;332,68;;A17;F0004;FA202510-0204
AC202500204;24/10/2025;AC;421611;TVA deductible 17%;56,56;;NA;F0004;FA202510-0204
AC202500204;24/10/2025;AC;441100;BOURDON S.A.R.L. - Charges locatives;;389,24;NA;F0004;FA202510-0204
BQ202500118;24/10/2025;BQ;511100;Encaissement FV202509-0135;6551,40;;NA;C0011;FV202509-0135
BQ202500118;24/10/2025;BQ;401100;CHEVALIER SARL - reglement;;6551,40;NA;C0011;FV202509-0135
BQ202500302;24/10/2025;BQ;441100;ALVES - reglement;1558,91;;NA;F0002;FA202509-0064
BQ202500302;24/10/2025;BQ;511100;Paiement FA202509-0064;;1558,91;NA;F0002;FA202509-0064
BQ202500294;25/10/2025;BQ;441100;THIBAULT BOUCHET SARL - reglement;186,42;;NA;F0003;FA202509-0056
BQ202500294;25/10/2025;BQ;511100;Paiement FA202509-0056;;186,42;NA;F0003;FA202509-0056
OD202500010;25/10/2025;OD;621000;Salaires bruts 10/2025;23075,60;;NA;;PAIE-10
OD202500010;25/10/2025;OD;622000;Charges patronales 10/2025;2999,83;;NA;;PAIE-10
OD202500010;25/10/2025;OD;462000;Cotisations CCSS;;5884,28;NA;;PAIE-10
OD202500010;25/10/2025;OD;471000;Net a payer;;20191,15;NA;;PAIE-10
AC202500091;27/10/2025;AC;606000;Achat de marchandises - taux reduit;6210,74;;A8;F0020;FA202510-0091
AC202500091;27/10/2025;AC;421613;TVA deductible 8%;496,86;;NA;F0020;FA202510-0091
AC202500091;27/10/2025;AC;441100;GRONDIN - Achat de marchandises - taux reduit;;6707,60;NA;F0020;FA202510-0091
BQ202500054;27/10/2025;BQ;511100;Encaissement FV202509-0064;984,01;;NA;C0016;FV202509-0064
BQ202500054;27/10/2025;BQ;401100;ADAM VERDIER ET FILS - reglement;;984,01;NA;C0016;FV202509-0064
BQ202500069;27/10/2025;BQ;511100;Encaissement FV202510-0079;4026,13;;NA;C0017;FV202510-0079
BQ202500069;27/10/2025;BQ;401100;DIAZ PETITJEAN ET FILS - reglement;;4026,13;NA;C0017;FV202510-0079
BQ202500144;27/10/2025;BQ;511100;Encaissement FV202509-0166;1720,18;;NA;C0001;FV202509-0166
BQ202500144;27/10/2025;BQ;401100;ROUSSEL - reglement;;1720,18;NA;C0001;FV202509-0166
VE202500273;27/10/2025;VE;401100;FAIVRE LELEU ET FILS - Prestation de services;5105,89;;NA;C0003;FV202510-0273
VE202500273;27/10/2025;VE;704000;Prestation de services;;4364,01;S17;C0003;FV202510-0273
VE202500273;27/10/2025;VE;461411;TVA collectee 17%;;741,88;NA;C0003;FV202510-0273
AC202500046;28/10/2025;AC;617000;Telecommunications;543,48;;A17;F0004;FA202510-0046
AC202500046;28/10/2025;AC;421611;TVA deductible 17%;92,39;;NA;F0004;FA202510-0046
AC202500046;28/10/2025;AC;441100;BOURDON S.A.R.L. - Telecommunications;;635,87;NA;F0004;FA202510-0046
BQ202500462;28/10/2025;BQ;618000;Frais de tenue de compte;69,31;;NA;;BQ-FRAIS-10
BQ202500462;28/10/2025;BQ;511100;Frais bancaires;;69,31;NA;;BQ-FRAIS-10
BQ202500463;28/10/2025;BQ;192100;Remboursement emprunt - capital;1600,00;;NA;;EMP-10
BQ202500463;28/10/2025;BQ;655000;Interets de l'emprunt;210,80;;NA;;EMP-10
BQ202500463;28/10/2025;BQ;511100;Echeance emprunt;;1810,80;NA;;EMP-10
BQ202500486;28/10/2025;BQ;471000;Virement des salaires;20191,15;;NA;;PAIE-10
BQ202500486;28/10/2025;BQ;511100;Virement des salaires;;20191,15;NA;;PAIE-10
BQ202500487;28/10/2025;BQ;462000;Paiement CCSS;5884,28;;NA;;CCSS-10
BQ202500487;28/10/2025;BQ;511100;Paiement CCSS;;5884,28;NA;;CCSS-10
VE202500144;28/10/2025;VE;401100;JOLY S.A.R.L. - Prestation de services;3018,17;;NA;C0002;FV202510-0144
VE202500144;28/10/2025;VE;704000;Prestation de services;;2579,63;S17;C0002;FV202510-0144
VE202500144;28/10/2025;VE;461411;TVA collectee 17%;;438,54;NA;C0002;FV202510-0144
VE202500152;28/10/2025;VE;401100;REY - Prestation intracommunautaire;16629,47;;NA;C0025;FV202510-0152
VE202500152;28/10/2025;VE;704000;Prestation intracommunautaire;;16629,47;SIC;C0025;FV202510-0152
AC202500002;29/10/2025;AC;616100;Transport sur achats;683,42;;A17;F0007;FA202510-0002
AC202500002;29/10/2025;AC;421611;TVA deductible 17%;116,18;;NA;F0007;FA202510-0002
AC202500002;29/10/2025;AC;441100;BOUTIN SARL - Transport sur achats;;799,60;NA;F0007;FA202510-0002
AC202500167;29/10/2025;AC;607100;Fournitures de bureau;608,66;;A17;F0012;FA202510-0167
AC202500167;29/10/2025;AC;421611;TVA deductible 17%;103,47;;NA;F0012;FA202510-0167
AC202500167;29/10/2025;AC;441100;GRÉGOIRE - Fournitures de bureau;;712,13;NA;F0012;FA202510-0167
AC202500246;29/10/2025;AC;606999;Honoraires comptables;1104,03;;A17;F0009;FA202510-0246
AC202500246;29/10/2025;AC;421611;TVA deductible 17%;187,69;;NA;F0009;FA202510-0246
AC202500246;29/10/2025;AC;441100;ROCHE SARL - Honoraires comptables;;1291,72;NA;F0009;FA202510-0246
VE202500038;29/10/2025;VE;401100;ADAM VERDIER ET FILS - Prestation de services;3336,78;;NA;C0016;FV202510-0038
VE202500038;29/10/2025;VE;704000;Prestation de services;;2851,95;S17;C0016;FV202510-0038
VE202500038;29/10/2025;VE;461411;TVA collectee 17%;;484,83;NA;C0016;FV202510-0038
AC202500128;30/10/2025;AC;607200;Electricite et gaz;712,14;;A8;F0003;FA202510-0128
AC202500128;30/10/2025;AC;421613;TVA deductible 8%;56,97;;NA;F0003;FA202510-0128
AC202500128;30/10/2025;AC;441100;THIBAULT BOUCHET SARL - Electricite et gaz;;769,11;NA;F0003;FA202510-0128
AC202500131;30/10/2025;AC;607100;Fournitures de bureau;641,65;;A17;F0007;FA202510-0131
AC202500131;30/10/2025;AC;421611;TVA deductible 17%;109,08;;NA;F0007;FA202510-0131
AC202500131;30/10/2025;AC;441100;BOUTIN SARL - Fournitures de bureau;;750,73;NA;F0007;FA202510-0131
AC202500180;30/10/2025;AC;616200;Frais de restaurant;218,56;109,28;A3;F0008;FA202510-0180
AC202500180;30/10/2025;AC;421614;TVA deductible 3%;6,56;;NA;F0008;FA202510-0180
AC202500180;30/10/2025;AC;441100;DUVAL - Frais de restaurant;;225,12;NA;F0008;FA202510-0180
AC202500221;30/10/2025;AC;601000;Achat de matieres premieres;2611,24;;A17;F0001;FA202510-0221
AC202500221;30/10/2025;AC;421611;TVA deductible 17%;443,91;;NA;F0001;FA202510-0221
AC202500221;30/10/2025;AC;441100;MARQUES - Achat de matieres premieres;;3055,15;NA;F0001;FA202510-0221
AC202500242;30/10/2025;AC;601000;Achat de matieres premieres;3416,80;;A17;F0004;FA202510-0242
AC202500242;30/10/2025;AC;421611;TVA deductible 17%;580,86;;NA;F0004;FA202510-0242
AC202500242;30/10/2025;AC;441100;BOURDON S.A.R.L. - Achat de matieres premieres;;3997,66;NA;F0004;FA202510-0242
VE202500012;30/10/2025;VE;401100;FONTAINE LE ROUX SARL - Prestation de services;4189,89;;NA;C0006;FV202510-0012
VE202500012;30/10/2025;VE;704000;Prestation de services;;3581,10;S17;C0006;FV202510-0012
VE202500012;30/10/2025;VE;461411;TVA collectee 17%;;608,79;NA;C0006;FV202510-0012
VE202500122;30/10/2025;VE;401100;JOLY S.A.R.L. - Vente de produits finis;4334,55;;NA;C0002;FV202510-0122
VE202500122;30/10/2025;VE;705000;Vente de produits finis;;3704,74;S17;C0002;FV202510-0122
VE202500122;30/10/2025;VE;461411;TVA collectee 17%;;629,81;NA;C0002;FV202510-0122
AC202500065;31/10/2025;AC;606000;Achat de marchandises - taux reduit;5308,08;;A8;F0011;FA202510-0065
AC202500065;31/10/2025;AC;421613;TVA deductible 8%;424,65;;NA;F0011;FA202510-0065
AC202500065;31/10/2025;AC;441100;GUIBERT S.A. - Achat de marchandises - taux reduit;;5732,73;NA;F0011;FA202510-0065
BQ202500052;31/10/2025;BQ;511100;Encaissement FV202510-0061;4629,97;;NA;C0006;FV202510-0061
BQ202500052;31/10/2025;BQ;401100;FONTAINE LE ROUX SARL - reglement;;4629,97;NA;C0006;FV202510-0061
BQ202500142;31/10/2025;BQ;511100;Encaissement FV202510-0164;2485,30;;NA;C0007;FV202510-0164
BQ202500142;31/10/2025;BQ;401100;BONNEAU - reglement;;2485,30;NA;C0007;FV202510-0164
OD202500028;31/10/2025;OD;461413;Solde TVA collectee 10/2025;624,89;;NA;;TVA-10
OD202500028;31/10/2025;OD;461411;Solde TVA collectee 10/2025;15951,86;;NA;;TVA-10
OD202500028;31/10/2025;OD;421611;Solde TVA deductible 10/2025;;5615,46;NA;;TVA-10
OD202500028;31/10/2025;OD;421613;Solde TVA deductible 10/2025;;1032,09;NA;;TVA-10
OD202500028;31/10/2025;OD;421614;Solde TVA deductible 10/2025;;6,56;NA;;TVA-10
OD202500028;31/10/2025;OD;461500;TVA due 10/2025;;9922,64;NA;;TVA-10
VE202500187;31/10/2025;VE;401100;DIAZ PETITJEAN ET FILS - Prestation de services;5143,00;;NA;C0017;FV202510-0187
VE202500187;31/10/2025;VE;704000;Prestation de services;;4395,73;S17;C0017;FV202510-0187
VE202500187;31/10/2025;VE;461411;TVA collectee 17%;;747,27;NA;C0017;FV202510-0187
BQ202500045;01/11/2025;BQ;511100;Encaissement FV202509-0053;2320,96;;NA;C0007;FV202509-0053
BQ202500045;01/11/2025;BQ;401100;BONNEAU - reglement;;2320,96;NA;C0007;FV202509-0053
BQ202500398;01/11/2025;BQ;441100;PHILIPPE - reglement;2337,15;;NA;F0022;FA202510-0185
BQ202500398;01/11/2025;BQ;511100;Paiement FA202510-0185;;2337,15;NA;F0022;FA202510-0185
BQ202500018;02/11/2025;BQ;511100;Encaissement FV202509-0022;4508,88;;NA;C0008;FV202509-0022
BQ202500018;02/11/2025;BQ;401100;BOUTIN DUMAS ET FILS - reglement;;4508,88;NA;C0008;FV202509-0022
BQ202500308;02/11/2025;BQ;441100;LEGRAND BOURDON ET FILS - reglement;583,10;;NA;F0015;FA202510-0070
BQ202500308;02/11/2025;BQ;511100;Paiement FA202510-0070;;583,10;NA;F0015;FA202510-0070
BQ202500418;02/11/2025;BQ;441100;LAPORTE MULLER SA - reglement;2330,51;;NA;F0016;FA202509-0216
BQ202500418;02/11/2025;BQ;511100;Paiement FA202509-0216;;2330,51;NA;F0016;FA202509-0216
BQ202500252;03/11/2025;BQ;441100;GRÉGOIRE - reglement;378,64;;NA;F0012;FA202510-0006
BQ202500252;03/11/2025;BQ;511100;Paiement FA202510-0006;;378,64;NA;F0012;FA202510-0006
VE202500277;03/11/2025;VE;401100;LECLERCQ S.A.S. - Prestation de services;3843,68;;NA;C0020;FV202511-0277
VE202500277;03/11/2025;VE;704000;Prestation de services;;3285,20;S17;C0020;FV202511-0277
VE202500277;03/11/2025;VE;461411;TVA collectee 17%;;558,48;NA;C0020;FV202511-0277
AC202500045;04/11/2025;AC;606000;Achat de marchandises;4305,21;;A17;F0020;FA202511-0045
AC202500045;04/11/2025;AC;421611;TVA deductible 17%;731,89;;NA;F0020;FA202511-0045
AC202500045;04/11/2025;AC;441100;GRONDIN - Achat de marchandises;;5037,10;NA;F0020;FA202511-0045
AC202500055;04/11/2025;AC;614100;Honoraires comptables;3164,11;;A17;F0021;FA202511-0055
AC202500055;04/11/2025;AC;421611;TVA deductible 17%;537,90;;NA;F0021;FA202511-0055
AC202500055;04/11/2025;AC;441100;FOURNIER - Honoraires comptables;;3702,01;NA;F0021;FA202511-0055
AC202500178;04/11/2025;AC;616200;Frais de restaurant;369,59;;A3;F0014;FA202511-0178
AC202500178;04/11/2025;AC;421614;TVA deductible 3%;11,09;;NA;F0014;FA202511-0178
AC202500178;04/11/2025;AC;441100;BOUSQUET - Frais de restaurant;;380,68;NA;F0014;FA202511-0178
BQ202500248;04/11/2025;BQ;441100;JACQUES S.A. - reglement;927,32;;NA;F0010;FA202509-0001
BQ202500248;04/11/2025;BQ;511100;Paiement FA202509-0001;;927,32;A17;F0010;FA202509-0001
VE202500107;04/11/2025;VE;401100;LOUIS PAYET S.A. - Exportation hors UE;3779,41;;NA;C0019;FV202511-0107
VE202500107;04/11/2025;VE;702000;Exportation hors UE;;3779,41;SEX;C0019;FV202511-0107
AC202500113;05/11/2025;AC;616200;Frais de restaurant;146,31;;A3;F0011;FA202511-0113
AC202500113;05/11/2025;AC;421614;TVA deductible 3%;4,39;;NA;F0011;FA202511-0113
AC202500113;05/11/2025;AC;441100;GUIBERT S.A. - Frais de restaurant;;150,70;NA;F0011;FA202511-0113
BQ202500153;05/11/2025;BQ;511100;Encaissement FV202510-0177;7243,63;;NA;C0005;FV202510-0177
BQ202500153;05/11/2025;BQ;401100;BARTHELEMY S.A.S. - reglement;;7243,63;NA;C0005;FV202510-0177
BQ202500363;05/11/2025;BQ;441100;BOUSQUET - reglement;11978,71;;NA;F0014;FA202510-0141
BQ202500363;05/11/2025;BQ;511100;Paiement FA202510-0141;;11978,71;NA;F0014;FA202510-0141
VE202500147;05/11/2025;VE;401100;BRUNEAU S.A.S. - Vente de produits finis;1718,95;;NA;C0022;FV202511-0147
VE202500147;05/11/2025;VE;705000;Vente de produits finis;;1469,19;S17;C0022;FV202511-0147
VE202500147;05/11/2025;VE;461411;TVA collectee 17%;;249,76;NA;C0022;FV202511-0147
AC202500031;06/11/2025;AC;607300;Carburant;550,95;;A17;F0012;FA202511-0031
AC202500031;06/11/2025;AC;421611;TVA deductible 17%;93,66;;NA;F0012;FA202511-0031
AC202500031;06/11/2025;AC;441100;GRÉGOIRE - Carburant;;644,61;NA;F0012;FA202511-0031
VE202500153;06/11/2025;VE;401100;DOS SANTOS BESNARD SA - Prestation de services;4331,74;;NA;C0026;FV202511-0153
VE202500153;06/11/2025;VE;704000;Prestation de services;;3702,34;S17;C0026;FV202511-0153
VE202500153;06/11/2025;VE;461411;TVA collectee 17%;;629,40;NA;C0026;FV202511-0153
AC202500229;07/11/2025;AC;607200;Electricite et gaz;1214,96;;A8;F0012;FA202511-0229
AC202500229;07/11/2025;AC;421613;TVA deductible 8%;97,20;;NA;F0012;FA202511-0229
AC202500229;07/11/2025;AC;441100;GRÉGOIRE - Electricite et gaz;;1312,16;NA;F0012;FA202511-0229
BQ202500033;07/11/2025;BQ;511100;Encaissement FV202509-0040;3139,94;;NA;C0010;FV202509-0040
BQ202500033;07/11/2025;BQ;401100;HENRY - reglement;;3139,94;NA;C0010;FV202509-0040
BQ202500053;07/11/2025;BQ;511100;Encaissement FV202509-0063;3735,58;;NA;C0009;FV202509-0063
BQ202500053;07/11/2025;BQ;401100;JACQUET SARL - reglement;;3735,58;NA;C0009;FV202509-0063
VE202500199;07/11/2025;VE;401100;COLLET - Vente de biens - taux super-reduit;2728,16;;NA;C0023;FV202511-0199
VE202500199;07/11/2025;VE;702000;Vente de biens - taux super-reduit;;2648,70;S3;C0023;FV202511-0199
VE202500199;07/11/2025;VE;461414;TVA collectee 3%;;79,46;NA;C0023;FV202511-0199
BQ202500432;09/11/2025;BQ;441100;DUVAL - reglement;9409,97;;NA;F0008;FA202509-0236
BQ202500432;09/11/2025;BQ;511100;Paiement FA202509-0236;;9409,97;NA;F0008;FA202509-0236
AC202500044;10/11/2025;AC;61;Fournitures de bureau;618,91;;A17;F0004;FA202511-0044
AC202500044;10/11/2025;AC;421611;TVA deductible 17%;105,21;;NA;F0004;FA202511-0044
AC202500044;10/11/2025;AC;441100;BOURDON S.A.R.L. - Fournitures de bureau;;724,12;NA;F0004;FA202511-0044
BQ202500137;10/11/2025;BQ;511100;Encaissement FV202509-0157;541,32;;NA;C0014;FV202509-0157
BQ202500137;10/11/2025;BQ;401100;BONNIN SA - reglement;;541,32;NA;C0014;FV202509-0157
BQ202500166;10/11/2025;BQ;511100;Encaissement FV202510-0192;2375,16;;NA;C0001;FV202510-0192
BQ202500166;10/11/2025;BQ;401100;ROUSSEL - reglement;;2375,16;NA;C0001;FV202510-0192
BQ202500238;10/11/2025;BQ;511100;Encaissement FV202510-0290;2165,30;;NA;C0013;FV202510-0290
BQ202500238;10/11/2025;BQ;401100;AUGER - reglement;;2165,30;NA;C0013;FV202510-0290
VE202500019;10/11/2025;VE;401100;BOUTIN DUMAS ET FILS - Vente de produits finis;12656,81;;NA;C0008;FV202511-0019
VE202500019;10/11/2025;VE;705000;Vente de produits finis;;10817,79;S17;C0008;FV202511-0019
VE202500019;10/11/2025;VE;461411;TVA collectee 17%;;1839,02;NA;C0008;FV202511-0019
VE202500235;10/11/2025;VE;401100;BONNIN SA - Vente de marchandises;6318,21;;NA;C0014;FV202511-0235
VE202500235;10/11/2025;VE;702000;Vente de marchandises;;5400,18;S17;C0014;FV202511-0235
VE202500235;10/11/2025;VE;461411;TVA collectee 17%;;918,03;NA;C0014;FV202511-0235
VE202500278;10/11/2025;VE;401100;PARENT - Vente de marchandises - taux reduit;8931,99;;NA;C0028;FV202511-0278
VE202500278;10/11/2025;VE;702000;Vente de marchandises - taux reduit;;8270,36;S8;C0028;FV202511-0278
VE202500278;10/11/2025;VE;461413;TVA collectee 8%;;661,63;NA;C0028;FV202511-0278
AC202500102;11/11/2025;AC;614200;Honoraires juridiques;2093,33;;A17;F0015;FA202511-0102
AC202500102;11/11/2025;AC;421611;TVA deductible 17%;355,87;;NA;F0015;FA202511-0102
AC202500102;11/11/2025;AC;441100;LEGRAND BOURDON ET FILS - Honoraires juridiques;;2449,20;NA;F0015;FA202511-0102
AC202500196;11/11/2025;AC;612000;Entretien et reparations;2513,15;;A17;F0015;FA202511-0196
AC202500196;11/11/2025;AC;421611;TVA deductible 17%;427,24;;NA;F0015;FA202511-0196
AC202500196;11/11/2025;AC;441100;LEGRAND BOURDON ET FILS - Entretien et reparations;;2940,39;NA;F0015;FA202511-0196
BQ202500212;11/11/2025;BQ;511100;Encaissement FV202510-0260;13687,60;;NA;C0022;FV202510-0260
BQ202500212;11/11/2025;BQ;401100;BRUNEAU S.A.S. - reglement;;13687,60;NA;C0022;FV202510-0260
BQ202500267;11/11/2025;BQ;441100;THIBAULT BOUCHET SARL - reglement;620,23;;NA;F0003;FA202510-0024
BQ202500267;11/11/2025;BQ;511100;Paiement FA202510-0024;;620,23;NA;F0003;FA202510-0024
VE202500150;12/11/2025;VE;401100;ADAM VERDIER ET FILS - Vente de marchandises;711,51;;NA;C0016;FV202511-0150
VE202500150;12/11/2025;VE;702000;Vente de marchandises;;608,13;S17;C0016;FV202511-0150
VE202500150;12/11/2025;VE;461411;TVA collectee 17%;;103,38;NA;C0016;FV202511-0150
VE202500155;12/11/2025;VE;401100;JOLY S.A.R.L. - Prestation de services;2066,49;;NA;C0002;FV202511-0155
VE202500155;12/11/2025;VE;704000;Prestation de services;;1766,23;S17;C0002;FV202511-0155
VE202500155;12/11/2025;VE;461411;TVA collectee 17%;;300,26;NA;C0002;FV202511-0155
VE202500203;12/11/2025;VE;401100;GIMENEZ S.A. - Prestation intracommunautaire;5556,39;;NA;C0004;FV202511-0203
VE202500203;12/11/2025;VE;704000;Prestation intracommunautaire;;5556,39;SIC;C0004;FV202511-0203
VE202500065;13/11/2025;VE;401100;BRUNEAU S.A.S. - Prestation intracommunautaire;3968,36;;NA;C0022;FV202511-0065
VE202500065;13/11/2025;VE;704000;Prestation intracommunautaire;;3968,36;SIC;C0022;FV202511-0065
VE202500065;13/11/2025;VE;401100;BRUNEAU S.A.S. - Prestation intracommunautaire;3968,36;;NA;C0022;FV202511-0065
VE202500065;13/11/2025;VE;704000;Prestation intracommunautaire;;3968,36;SIC;C0022;FV202511-0065
BQ202500170;14/11/2025;BQ;511100;Encaissement FV202509-0196;1974,56;;NA;C0005;FV202509-0196
BQ202500170;14/11/2025;BQ;401100;BARTHELEMY S.A.S. - reglement;;1974,56;NA;C0005;FV202509-0196
VE202500095;14/11/2025;VE;401100;BOUTIN DUMAS ET FILS - Prestation de services;2976,57;;NA;C0008;FV202511-0095
VE202500095;14/11/2025;VE;704000;Prestation de services;;2544,08;S17;C0008;FV202511-0095
VE202500095;14/11/2025;VE;461411;TVA collectee 17%;;432,49;NA;C0008;FV202511-0095
VE202500248;14/11/2025;VE;401100;REY - Prestation de services;8329,79;;NA;C0025;FV202511-0248
VE202500248;14/11/2025;VE;704000;Prestation de services;;7119,48;S17;C0025;FV202511-0248
VE202500248;14/11/2025;VE;461411;TVA collectee 17%;;1210,31;NA;C0025;FV202511-0248
BQ202500020;15/11/2025;BQ;511100;Encaissement FV202510-0024;3240,95;;NA;C0013;FV202510-0024
BQ202500020;15/11/2025;BQ;401100;AUGER - reglement;;3240,95;NA;C0013;FV202510-0024
AC202500179;17/11/2025;AC;611500;Charges locatives;651,86;;A17;F0009;FA202511-0179
AC202500179;17/11/2025;AC;421611;TVA deductible 17%;110,82;;NA;F0009;FA202511-0179
AC202500179;17/11/2025;AC;441100;ROCHE SARL - Charges locatives;;762,68;NA;F0009;FA202511-0179
BQ202500382;17/11/2025;BQ;441100;LAPORTE MULLER SA - reglement;858,43;;NA;F0016;FA202510-0164
BQ202500382;17/11/2025;BQ;511100;Paiement FA202510-0164;;858,43;NA;F0016;FA202510-0164
BQ202500423;17/11/2025;BQ;441100;MARQUES - reglement;3055,15;;NA;F0001;FA202510-0221
BQ202500423;17/11/2025;BQ;511100;Paiement FA202510-0221;;3055,15;NA;F0001;FA202510-0221
VE202500224;17/11/2025;VE;401100;BOUVET - Prestation de services;9586,35;;NA;C0018;FV202511-0224
VE202500224;17/11/2025;VE;704000;Prestation de services;;8193,46;S17;C0018;FV202511-0224
VE202500224;17/11/2025;VE;461411;TVA collectee 17%;;1392,89;NA;C0018;FV202511-0224
BQ202500188;18/11/2025;BQ;511100;Encaissement FV202509-0223;8946,08;;NA;C0026;FV202509-0223
BQ202500188;18/11/2025;BQ;401100;DOS SANTOS BESNARD SA - reglement;;8946,08;NA;C0026;FV202509-0223
VE202500148;18/11/2025;VE;401100;BOUVET - Prestation de services;2945,55;;NA;C0018;FV202511-0148
VE202500148;18/11/2025;VE;704000;Prestation de services;;2517,56;S17;C0018;FV202511-0148
VE202500148;18/11/2025;VE;461411;TVA collectee 17%;;427,99;NA;C0018;FV202511-0148
AC202500233;19/11/2025;AC;607300;Carburant;789,84;;A17;F0015;FA202511-0233
AC202500233;19/11/2025;AC;421611;TVA deductible 17%;134,27;;NA;F0015;FA202511-0233
AC202500233;19/11/2025;AC;441100;LEGRAND BOURDON ET FILS - Carburant;;924,11;NA;F0015;FA202511-0233
BQ202500215;19/11/2025;BQ;511100;Encaissement FV202509-0263;2731,74;;NA;C0009;FV202509-0263
BQ202500215;19/11/2025;BQ;401100;JACQUET SARL - reglement;;2731,74;NA;C0009;FV202509-0263
BQ202500367;19/11/2025;BQ;441100;ALVES - reglement;665,91;;NA;F0002;FA202510-0147
BQ202500367;19/11/2025;BQ;511100;Paiement FA202510-0147;;665,91;NA;F0002;FA202510-0147
VE202500006;19/11/2025;VE;401100;FAIVRE LELEU ET FILS - Vente de marchandises - taux reduit;379,88;;NA;C0003;FV202511-0006
VE202500006;19/11/2025;VE;702000;Vente de marchandises - taux reduit;;340,17;S8;C0003;FV202511-0006
VE202500006;19/11/2025;VE;461413;TVA collectee 8%;;27,21;NA;C0003;FV202511-0006
VE202500143;19/11/2025;VE;401100;GIMENEZ S.A. - Prestation de services;3280,34;;NA;C0004;FV202511-0143
VE202500143;19/11/2025;VE;704000;Prestation de services;;2803,71;S17;C0004;FV202511-0143
VE202500143;19/11/2025;VE;461411;TVA collectee 17%;;476,63;NA;C0004;FV202511-0143
AC202500119;20/11/2025;AC;614300;Abonnements logiciels;674,72;;A17;F0017;FA202511-0119
AC202500119;20/11/2025;AC;421611;TVA deductible 17%;114,70;;NA;F0017;FA202511-0119
AC202500119;20/11/2025;AC;441100;CHAUVEAU S.A. - Abonnements logiciels;;789,42;NA;F0017;FA202511-0119
AC202500163;20/11/2025;AC;607200;Electricite et gaz;1232,65;;A8;F0001;FA202511-0163
AC202500163;20/11/2025;AC;421613;TVA deductible 8%;98,61;;NA;F0001;FA202511-0163
AC202500163;20/11/2025;AC;441100;MARQUES - Electricite et gaz;;1331,26;NA;F0001;FA202511-0163
BQ202500220;20/11/2025;BQ;511100;Encaissement FV202510-0268;3192,57;;NA;C0002;FV202510-0268
BQ202500220;20/11/2025;BQ;401100;JOLY S.A.R.L. - reglement;;3192,57;NA;C0002;FV202510-0268
BQ202500254;20/11/2025;BQ;441100;THIBAULT BOUCHET SARL - reglement;901,27;;NA;F0003;FA202509-0008
BQ202500254;20/11/2025;BQ;511100;Paiement FA202509-0008;;901,27;NA;F0003;FA202509-0008
VE202500108;20/11/2025;VE;401100;LOUIS PAYET S.A. - Prestation de services;7152,58;;NA;C0019;FV202511-0108
VE202500108;20/11/2025;VE;704000;Prestation de services;;6113,32;S17;C0019;FV202511-0108
VE202500108;20/11/2025;VE;461411;TVA collectee 17%;;1039,26;NA;C0019;FV202511-0108
VE202500151;20/11/2025;VE;401100;DIAZ PETITJEAN ET FILS - Vente de marchandises;13246,73;;NA;C0017;FV202511-0151
VE202500151;20/11/2025;VE;702000;Vente de marchandises;;11321,99;S17;C0017;FV202511-0151
VE202500151;20/11/2025;VE;461411;TVA collectee 17%;;1924,74;NA;C0017;FV202511-0151
AC202500015;21/11/2025;AC;607100;Fournitures de bureau;372,40;;A17;F0012;FA202511-0015
AC202500015;21/11/2025;AC;421611;TVA deductible 17%;63,31;;NA;F0012;FA202511-0015
AC202500015;21/11/2025;AC;441100;GRÉGOIRE - Fournitures de bureau;;435,71;NA;F0012;FA202511-0015
BQ202500041;21/11/2025;BQ;511100;Encaissement FV202509-0049;4483,83;;NA;C0018;FV202509-0049
BQ202500041;21/11/2025;BQ;401100;BOUVET - reglement;;4483,83;NA;C0018;FV202509-0049
BQ202500204;21/11/2025;BQ;511100;Encaissement FV202510-0249;2661,22;;NA;C0004;FV202510-0249
BQ202500204;21/11/2025;BQ;401100;GIMENEZ S.A. - reglement;;2661,22;NA;C0004;FV202510-0249
BQ202500249;21/11/2025;BQ;441100;BOUTIN SARL - reglement;799,60;;NA;F0007;FA202510-0002
BQ202500249;21/11/2025;BQ;511100;Paiement FA202510-0002;;799,60;NA;F0007;FA202510-0002
VE202500237;21/11/2025;VE;401100;FISCHER - Prestation de services;1711,11;;NA;C0021;FV202511-0237
VE202500237;21/11/2025;VE;704000;Prestation de services;;1462,49;S17;C0021;FV202511-0237
VE202500237;21/11/2025;VE;461411;TVA collectee 17%;;248,62;NA;C0021;FV202511-0237
BQ202500015;22/11/2025;BQ;511100;Encaissement FV202511-0019;12656,81;;NA;C0008;FV202511-0019
BQ202500015;22/11/2025;BQ;401100;BOUTIN DUMAS ET FILS - reglement;;12656,81;NA;C0008;FV202511-0019
BQ202500093;22/11/2025;BQ;511100;Encaissement FV202510-0105;3349,36;;NA;C0022;FV202510-0105
BQ202500093;22/11/2025;BQ;401100;BRUNEAU S.A.S. - reglement;;3349,36;NA;C0022;FV202510-0105
BQ202500354;22/11/2025;BQ;441100;THIBAULT BOUCHET SARL - reglement;769,11;;NA;F0003;FA202510-0128
BQ202500354;22/11/2025;BQ;511100;Paiement FA202510-0128;;769,11;NA;F0003;FA202510-0128
BQ202500227;23/11/2025;BQ;511100;Encaissement FV202511-0277;3843,68;;NA;C0020;FV202511-0277
BQ202500227;23/11/2025;BQ;401100;LECLERCQ S.A.S. - reglement;;3843,68;NA;C0020;FV202511-0277
AC202500156;24/11/2025;AC;612000;Entretien et reparations;1700,04;;A17;F0002;FA202511-0156
AC202500156;24/11/2025;AC;421611;TVA deductible 17%;289,01;;NA;F0002;FA202511-0156
AC202500156;24/11/2025;AC;441100;ALVES - Entretien et reparations;;1989,05;NA;F0002;FA202511-0156
AC202500248;24/11/2025;AC;606000;Achat de marchandises;3938,43;;A17;F0013;FA202511-0248
AC202500248;24/11/2025;AC;421611;TVA deductible 17%;669,53;;NA;F0013;FA202511-0248
AC202500248;24/11/2025;AC;441100;FERRAND - Achat de marchandises;;4607,96;NA;F0013;FA202511-0248
BQ202500143;25/11/2025;BQ;511100;Encaissement FV202510-0165;2696,09;;NA;C0023;FV202510-0165
BQ202500143;25/11/2025;BQ;401100;COLLET - reglement;;2696,09;NA;C0023;FV202510-0165
BQ202500274;25/11/2025;BQ;441100;GRÉGOIRE - reglement;644,61;;NA;F0012;FA202511-0031
BQ202500274;25/11/2025;BQ;511100;Paiement FA202511-0031;;644,61;NA;F0012;FA202511-0031
OD202500011;25/11/2025;OD;621000;Salaires bruts 11/2025;22380,20;;NA;;PAIE-11
OD202500011;25/11/2025;OD;622000;Charges patronales 11/2025;2909,43;;NA;;PAIE-11
OD202500011;25/11/2025;OD;462000;Cotisations CCSS;;5706,96;NA;;PAIE-11
OD202500011;25/11/2025;OD;471000;Net a payer;;19582,67;NA;;PAIE-11
AC202500212;26/11/2025;AC;616100;Transport sur achats;479,58;;A17;F0001;FA202511-0212
AC202500212;26/11/2025;AC;421611;TVA deductible 17%;81,53;;NA;F0001;FA202511-0212
AC202500212;26/11/2025;AC;441100;MARQUES - Transport sur achats;;561,11;NA;F0001;FA202511-0212
BQ202500061;26/11/2025;BQ;511100;Encaissement FV202510-0071;4350,05;;NA;C0027;FV202510-0071
BQ202500061;26/11/2025;BQ;401100;JACQUOT ET FILS - reglement;;4350,05;NA;C0027;FV202510-0071
VE202500146;26/11/2025;VE;401100;JOLY S.A.R.L. - Produit annexe - taux intermediaire;2488,36;;NA;C0002;FV202511-0146
VE202500146;26/11/2025;VE;708000;Produit annexe - taux intermediaire;;2182,77;S14;C0002;FV202511-0146
VE202500146;26/11/2025;VE;461412;TVA collectee 14%;;305,59;NA;C0002;FV202511-0146
BQ202500285;27/11/2025;BQ;441100;BOURDON S.A.R.L. - reglement;724,12;;NA;F0004;FA202511-0044
BQ202500285;27/11/2025;BQ;511100;Paiement FA202511-0044;;724,12;NA;F0004;FA202511-0044
AC202500223;28/11/2025;AC;614300;Abonnements logiciels;1061,97;;A17;F0015;FA202511-0223
AC202500223;28/11/2025;AC;421611;TVA deductible 17%;180,53;;NA;F0015;FA202511-0223
AC202500223;28/11/2025;AC;441100;LEGRAND BOURDON ET FILS - Abonnements logiciels;;1242,50;NA;F0015;FA202511-0223
BQ202500385;28/11/2025;BQ;441100;GRÉGOIRE - reglement;712,13;;NA;F0012;FA202510-0167
BQ202500385;28/11/2025;BQ;511100;Paiement FA202510-0167;;712,13;NA;F0012;FA202510-0167
BQ202500464;28/11/2025;BQ;618000;Frais de tenue de compte;68,50;;NA;;BQ-FRAIS-11
BQ202500464;28/11/2025;BQ;511100;Frais bancaires;;68,50;NA;;BQ-FRAIS-11
BQ202500465;28/11/2025;BQ;192100;Remboursement emprunt - capital;1600,00;;NA;;EMP-11
BQ202500465;28/11/2025;BQ;655000;Interets de l'emprunt;206,67;;NA;;EMP-11
BQ202500465;28/11/2025;BQ;511100;Echeance emprunt;;1806,67;NA;;EMP-11
BQ202500488;28/11/2025;BQ;471000;Virement des salaires;19582,67;;NA;;PAIE-11
BQ202500488;28/11/2025;BQ;511100;Virement des salaires;;19582,67;NA;;PAIE-11
BQ202500489;28/11/2025;BQ;462000;Paiement CCSS;5706,96;;NA;;CCSS-11
BQ202500489;28/11/2025;BQ;511100;Paiement CCSS;;5706,96;NA;;CCSS-11
VE202500059;28/11/2025;VE;401100;CHEVALIER SARL - Vente de marchandises;18362,82;;NA;C0011;FV202511-0059
VE202500059;28/11/2025;VE;702000;Vente de marchandises;;15694,72;S17;C0011;FV202511-0059
VE202500059;28/11/2025;VE;461411;TVA collectee 17%;;2668,10;NA;C0011;FV202511-0059
VE202500067;28/11/2025;VE;401100;BRUNEAU S.A.S. - Vente de marchandises - taux reduit;3288,04;;NA;C0022;FV202511-0067
VE202500067;28/11/2025;VE;702000;Vente de marchandises - taux reduit;;3044,48;S8;C0022;FV202511-0067
VE202500067;28/11/2025;VE;461413;TVA collectee 8%;;243,56;NA;C0022;FV202511-0067
OD202500029;30/11/2025;OD;461413;Solde TVA collectee 11/2025;932,40;;NA;;TVA-11
OD202500029;30/11/2025;OD;461411;Solde TVA collectee 11/2025;14419,36;;NA;;TVA-11
OD202500029;30/11/2025;OD;461412;Solde TVA collectee 11/2025;305,59;;NA;;TVA-11
OD202500029;30/11/2025;OD;461414;Solde TVA collectee 11/2025;79,46;;NA;;TVA-11
OD202500029;30/11/2025;OD;421611;Solde TVA deductible 11/2025;;3895,47;NA;;TVA-11
OD202500029;30/11/2025;OD;421614;Solde TVA deductible 11/2025;;15,48;NA;;TVA-11
OD202500029;30/11/2025;OD;421613;Solde TVA deductible 11/2025;;320,13;NA;;TVA-11
OD202500029;30/11/2025;OD;461500;TVA due 11/2025;;11505,73;NA;;TVA-11
AC202500014;01/12/2025;AC;615000;Campagne de publicite;559,75;;A17;F0012;FA202512-0014
AC202500014;01/12/2025;AC;421611;TVA deductible 17%;95,16;;NA;F0012;FA202512-0014
AC202500014;01/12/2025;AC;441100;GRÉGOIRE - Campagne de publicite;;654,91;NA;F0012;FA202512-0014
AC202500052;01/12/2025;AC;616100;Transport sur achats;1194,15;;A17;F0004;FA202512-0052
AC202500052;01/12/2025;AC;421611;TVA deductible 17%;203,01;;NA;F0004;FA202512-0052
AC202500052;01/12/2025;AC;441100;BOURDON S.A.R.L. - Transport sur achats;;1397,16;NA;F0004;FA202512-0052
BQ202500009;01/12/2025;BQ;511100;Encaissement FV202510-0011;3162,53;;NA;C0017;FV202510-0011
BQ202500009;01/12/2025;BQ;401100;DIAZ PETITJEAN ET FILS - reglement;;3162,53;NA;C0017;FV202510-0011
BQ202500095;01/12/2025;BQ;511100;Encaissement FV202511-0107;3779,41;;NA;C0019;FV202511-0107
BQ202500095;01/12/2025;BQ;401100;LOUIS PAYET S.A. - reglement;;3779,41;NA;C0019;FV202511-0107
BQ202500393;02/12/2025;BQ;441100;ROCHE SARL - reglement;762,68;;NA;F0009;FA202511-0179
BQ202500393;02/12/2025;BQ;511100;Paiement FA202511-0179;;762,68;NA;F0009;FA202511-0179
BQ202500123;03/12/2025;BQ;511100;Encaissement FV202509-0142;2721,67;;NA;C0005;FV202509-0142
BQ202500123;03/12/2025;BQ;401100;BARTHELEMY S.A.S. - reglement;;2721,67;NA;C0005;FV202509-0142
BQ202500342;03/12/2025;BQ;441100;GUIBERT S.A. - reglement;150,70;;NA;F0011;FA202511-0113
BQ202500342;03/12/2025;BQ;511100;Paiement FA202511-0113;;150,70;NA;F0011;FA202511-0113
BQ202500394;03/12/2025;BQ;441100;DUVAL - reglement;225,12;;NA;F0008;FA202510-0180
BQ202500394;03/12/2025;BQ;511100;Paiement FA202510-0180;;225,12;NA;F0008;FA202510-0180
VE202500101;03/12/2025;VE;401100;REY - Vente de biens - taux super-reduit;3452,02;;NA;C0025;FV202512-0101
VE202500101;03/12/2025;VE;702000;Vente de biens - taux super-reduit;;3351,48;S3;C0025;FV202512-0101
VE202500101;03/12/2025;VE;461414;TVA collectee 3%;;100,54;NA;C0025;FV202512-0101
VE202500172;03/12/2025;VE;401100;BRUNEAU S.A.S. - Prestation de services;6745,72;;NA;C0022;FV202512-0172
VE202500172;03/12/2025;VE;704000;Prestation de services;;5765,57;S17;C0022;FV202512-0172
VE202500172;03/12/2025;VE;461411;TVA collectee 17%;;980,15;NA;C0022;FV202512-0172
AC202500081;04/12/2025;AC;611000;Loyer du mois;3200,00;;A0;F0008;FA202512-0081
AC202500081;04/12/2025;AC;441100;DUVAL - Loyer du mois;;3200,00;NA;F0008;FA202512-0081
AC202500111;04/12/2025;AC;616200;Frais de restaurant;353,89;;A3;F0011;FA202512-0111
AC202500111;04/12/2025;AC;421614;TVA deductible 3%;10,62;;NA;F0011;FA202512-0111
AC202500111;04/12/2025;AC;441100;GUIBERT S.A. - Frais de restaurant;;364,51;NA;F0011;FA202512-0111
AC202500213;04/12/2025;AC;606000;Achat de marchandises - taux reduit;5496,97;;A8;F0012;FA202512-0213
AC202500213;04/12/2025;AC;421613;TVA deductible 8%;439,76;;NA;F0012;FA202512-0213
AC202500213;04/12/2025;AC;441100;GRÉGOIRE - Achat de marchandises - taux reduit;;5936,73;NA;F0012;FA202512-0213
VE202500001;04/12/2025;VE;401100;BONNEAU - Vente de marchandises;9408,27;;NA;C0007;FV202512-0001
VE202500001;04/12/2025;VE;702000;Vente de marchandises;;8041,26;S17;C0007;FV202512-0001
VE202500001;04/12/2025;VE;461411;TVA collectee 17%;;1125,78;NA;C0007;FV202512-0001
VE202500020;04/12/2025;VE;401100;BARTHELEMY S.A.S. - Vente de marchandises;3279,92;;NA;C0005;FV202512-0020
VE202500020;04/12/2025;VE;702000;Vente de marchandises;;2803,35;S17;C0005;FV202512-0020
VE202500020;04/12/2025;VE;461411;TVA collectee 17%;;476,57;NA;C0005;FV202512-0020
VE202500034;04/12/2025;VE;401100;LECLERCQ S.A.S. - Prestation de services;3728,70;;NA;C0020;FV202512-0034
VE202500034;04/12/2025;VE;704000;Prestation de services;;3186,92;S17;C0020;FV202512-0034
VE202500034;04/12/2025;VE;461411;TVA collectee 17%;;541,78;NA;C0020;FV202512-0034
VE202500293;04/12/2025;VE;401100;BONNEAU - Vente de marchandises;13476,60;;NA;C0007;FV202512-0293
VE202500293;04/12/2025;VE;702000;Vente de marchandises;;11518,46;S17;C0007;FV202512-0293
VE202500293;04/12/2025;VE;461411;TVA collectee 17%;;1958,14;NA;C0007;FV202512-0293
AC202500208;05/12/2025;AC;611000;Loyer du mois;3212,50;;A0;F0007;FA202512-0208
AC202500208;05/12/2025;AC;441100;BOUTIN SARL - Loyer du mois;;3200,00;NA;F0007;FA202512-0208
AC202500047;08/12/2025;AC;601000;Achat de matieres premieres;4352,90;;A17;F0007;FA202512-0047
AC202500047;08/12/2025;AC;421611;TVA deductible 17%;739,99;;NA;F0007;FA202512-0047
AC202500047;08/12/2025;AC;441100;BOUTIN SARL - Achat de matieres premieres;;5092,89;NA;F0007;FA202512-0047
AC202500225;08/12/2025;AC;616200;Frais de restaurant;281,96;;A3;F0012;FA202512-0225
AC202500225;08/12/2025;AC;421614;TVA deductible 3%;8,46;;NA;F0012;FA202512-0225
AC202500225;08/12/2025;AC;441100;GRÉGOIRE - Frais de restaurant;;290,42;NA;F0012;FA202512-0225
BQ202500409;08/12/2025;BQ;441100;ROCHE SARL - reglement;7911,04;;NA;F0009;FA202510-0199
BQ202500409;08/12/2025;BQ;511100;Paiement FA202510-0199;;7911,04;NA;F0009;FA202510-0199
BQ202500419;08/12/2025;BQ;441100;GRÉGOIRE - reglement;1678,30;;NA;F0012;FA202511-0217
BQ202500419;08/12/2025;BQ;511100;Paiement FA202511-0217;;1678,30;NA;F0012;FA202511-0217
VE202500209;08/12/2025;VE;401100;DIAZ PETITJEAN ET FILS - Prestation de services;5959,48;;NA;C0017;FV202512-0209
VE202500209;08/12/2025;VE;704000;Prestation de services;;5093,57;S17;C0017;FV202512-0209
VE202500209;08/12/2025;VE;461411;TVA collectee 17%;;865,91;NA;C0017;FV202512-0209
AC202500165;09/12/2025;AC;606000;Achat de marchandises;10607,17;;A17;F0011;FA202512-0165
AC202500165;09/12/2025;AC;421611;TVA deductible 17%;1803,22;;NA;F0011;FA202512-0165
AC202500165;09/12/2025;AC;441100;GUIBERT S.A. - Achat de marchandises;;12410,39;NA;F0011;FA202512-0165
BQ202500039;09/12/2025;BQ;511100;Encaissement FV202510-0046;874,05;;NA;C0028;FV202510-0046
BQ202500039;09/12/2025;BQ;401100;PARENT - reglement;;874,05;NA;C0028;FV202510-0046
BQ202500223;09/12/2025;BQ;511100;Encaissement FV202510-0272;1247,38;;NA;C0014;FV202510-0272
BQ202500223;09/12/2025;BQ;401100;BONNIN SA - reglement;;1247,38;NA;C0014;FV202510-0272
BQ202500379;09/12/2025;BQ;441100;GRONDIN - reglement;853,80;;NA;F0020;FA202510-0161
BQ202500379;09/12/2025;BQ;511100;Paiement FA202510-0161;;853,80;NA;F0020;FA202510-0161
AC202500037;10/12/2025;AC;616200;Frais de restaurant;83,41;;A3;F0009;FA202512-0037
AC202500037;10/12/2025;AC;421614;TVA deductible 3%;2,50;;NA;F0009;FA202512-0037
AC202500037;10/12/2025;AC;441100;ROCHE SARL - Frais de restaurant;;85,91;NA;F0009;FA202512-0037
BQ202500429;10/12/2025;BQ;441100;GRÉGOIRE - reglement;1312,16;;NA;F0012;FA202511-0229
BQ202500429;10/12/2025;BQ;511100;Paiement FA202511-0229;;1312,16;NA;F0012;FA202511-0229
VE202500052;10/12/2025;VE;401100;ADAM VERDIER ET FILS - Vente de produits finis;3752,35;;NA;C0016;FV202512-0052
VE202500052;10/12/2025;VE;705000;Vente de produits finis;;3207,14;S17;C0016;FV202512-0052
VE202500052;10/12/2025;VE;461411;TVA collectee 17%;;545,21;NA;C0016;FV202512-0052
VE202500222;10/12/2025;VE;401100;BARTHELEMY S.A.S. - Prestation de services;854,05;;NA;C0005;FV202512-0222
VE202500222;10/12/2025;VE;704000;Prestation de services;;729,96;S17;C0005;FV202512-0222
VE202500222;10/12/2025;VE;461411;TVA collectee 17%;;124,09;NA;C0005;FV202512-0222
BQ202500228;11/12/2025;BQ;511100;Encaissement FV202511-0278;8931,99;;NA;C0028;FV202511-0278
BQ202500228;11/12/2025;BQ;401100;PARENT - reglement;;8931,99;NA;C0028;FV202511-0278
BQ202500357;12/12/2025;BQ;441100;BOUTIN SARL - reglement;750,73;;NA;F0007;FA202510-0131
BQ202500357;12/12/2025;BQ;511100;Paiement FA202510-0131;;750,73;NA;F0007;FA202510-0131
VE202500008;12/12/2025;VE;401100;FAIVRE LELEU ET FILS - Vente de marchandises - taux reduit;2921,57;;NA;C0003;FV202512-0008
VE202500008;12/12/2025;VE;702000;Vente de marchandises - taux reduit;;2705,16;S8;C0003;FV202512-0008
VE202500008;12/12/2025;VE;461413;TVA collectee 8%;;216,41;NA;C0003;FV202512-0008
VE202500129;12/12/2025;VE;401100;HENRY - Prestation de services;4616,68;;NA;C0010;FV202512-0129
VE202500129;12/12/2025;VE;704000;Prestation de services;;3945,88;S17;C0010;FV202512-0129
VE202500129;12/12/2025;VE;461411;TVA collectee 17%;;670,80;NA;C0010;FV202512-0129
VE202500131;12/12/2025;VE;401100;DIAZ PETITJEAN ET FILS - Prestation de services;2942,29;;NA;C0017;FV202512-0131
VE202500131;12/12/2025;VE;704000;Prestation de services;;2514,78;S17;C0017;FV202512-0131
VE202500131;12/12/2025;VE;461411;TVA collectee 17%;;427,51;NA;C0017;FV202512-0131
BQ202500106;14/12/2025;BQ;511100;Encaissement FV202510-0122;4334,55;;NA;C0002;FV202510-0122
BQ202500106;14/12/2025;BQ;401100;JOLY S.A.R.L. - reglement;;4334,55;NA;C0002;FV202510-0122
BQ202500131;14/12/2025;BQ;511100;Encaissement FV202511-0150;711,51;;NA;C0016;FV202511-0150
BQ202500131;14/12/2025;BQ;401100;ADAM VERDIER ET FILS - reglement;;711,51;NA;C0016;FV202511-0150
BQ202500286;15/12/2025;BQ;441100;GRONDIN - reglement;5037,10;;NA;F0020;FA202511-0045
BQ202500286;15/12/2025;BQ;511100;Paiement FA202511-0045;;5037,10;NA;F0020;FA202511-0045
BQ202500085;16/12/2025;BQ;511100;Encaissement FV202511-0095;2976,57;;NA;C0008;FV202511-0095
BQ202500085;16/12/2025;BQ;401100;BOUTIN DUMAS ET FILS - reglement;;2976,57;NA;C0008;FV202511-0095
BQ202500224;16/12/2025;BQ;511100;Encaissement FV202510-0273;5105,89;;NA;C0003;FV202510-0273
BQ202500224;16/12/2025;BQ;401100;FAIVRE LELEU ET FILS - reglement;;5105,89;NA;C0003;FV202510-0273
VE202500093;16/12/2025;VE;401100;LESAGE - Prestation de services;3181,94;;NA;C0024;FV202512-0093
VE202500093;16/12/2025;VE;704000;Prestation de services;;2719,61;S17;C0024;FV202512-0093
VE202500093;16/12/2025;VE;461411;TVA collectee 17%;;462,33;NA;C0024;FV202512-0093
VE202500186;16/12/2025;VE;401100;BRUNEAU S.A.S. - Vente de marchandises - taux reduit;2678,80;;NA;C0022;FV202512-0186
VE202500186;16/12/2025;VE;702000;Vente de marchandises - taux reduit;;2480,37;S8;C0022;FV202512-0186
VE202500186;16/12/2025;VE;461413;TVA collectee 8%;;198,43;NA;C0022;FV202512-0186
VE202500186;16/12/2025;VE;748000;Ligne sans montant;;;NA;C0022;FV202512-0186
VE202500231;16/12/2025;VE;401100;BRUNEAU S.A.S. - Vente de marchandises;1477,53;;NA;C0022;FV202512-0231
VE202500231;16/12/2025;VE;702000;Vente de marchandises;;1262,85;S17;C0022;FV202512-0231
VE202500231;16/12/2025;VE;461411;TVA collectee 17%;;214,68;NA;C0022;FV202512-0231
BQ202500199;17/12/2025;BQ;511100;Encaissement FV202510-0236;9601,71;;NA;C0013;FV202510-0236
BQ202500199;17/12/2025;BQ;401100;AUGER - reglement;;9601,71;NA;C0013;FV202510-0236
VE202500243;17/12/2025;VE;401100;COLLET - Prestation intracommunautaire;3912,05;;NA;C0023;FV202512-0243
VE202500243;17/12/2025;VE;704000;Prestation intracommunautaire;;3912,05;SIC;C0023;FV202512-0243
BQ202500406;18/12/2025;BQ;441100;LEGRAND BOURDON ET FILS - reglement;2940,39;;NA;F0015;FA202511-0196
BQ202500406;18/12/2025;BQ;511100;Paiement FA202511-0196;;2940,39;NA;F0015;FA202511-0196
BQ202500440;18/12/2025;BQ;441100;ROCHE SARL - reglement;1291,72;;NA;F0009;FA202510-0246
BQ202500440;18/12/2025;BQ;511100;Paiement FA202510-0246;;1291,72;NA;F0009;FA202510-0246
BQ202500161;19/12/2025;BQ;511100;Encaissement FV202510-0187;5143,00;;NA;C0017;FV202510-0187
BQ202500161;19/12/2025;BQ;401100;DIAZ PETITJEAN ET FILS - reglement;;5143,00;NA;C0017;FV202510-0187
BQ202500438;19/12/2025;BQ;441100;BOURDON S.A.R.L. - reglement;3997,66;;NA;F0004;FA202510-0242
BQ202500438;19/12/2025;BQ;511100;Paiement FA202510-0242;;3997,66;NA;F0004;FA202510-0242
VE202500174;19/12/2025;VE;401100;COLLET - Vente de marchandises;3133,60;;NA;C0023;FV202512-0174
VE202500174;19/12/2025;VE;702000;Vente de marchandises;;2678,29;S17;C0023;FV202512-0174
VE202500174;19/12/2025;VE;461411;TVA collectee 17%;;455,31;NA;C0023;FV202512-0174
VE202500258;19/12/2025;VE;401100;LOUIS PAYET S.A. - Vente de marchandises - taux reduit;6500,41;;NA;C0019;FV202512-0258
VE202500258;19/12/2025;VE;702000;Vente de marchandises - taux reduit;;6018,90;S8;C0019;FV202512-0258
VE202500258;19/12/2025;VE;461413;TVA collectee 8%;;481,51;NA;C0019;FV202512-0258
BQ202500076;21/12/2025;BQ;511100;Encaissement FV202510-0086;1698,99;;NA;C0007;FV202510-0086
BQ202500076;21/12/2025;BQ;401100;BONNEAU - reglement;;1698,99;NA;C0007;FV202510-0086
BQ202500198;21/12/2025;BQ;511100;Encaissement FV202511-0235;6318,21;;NA;C0014;FV202511-0235
BQ202500198;21/12/2025;BQ;401100;BONNIN SA - reglement;;6318,21;NA;C0014;FV202511-0235
BQ202500096;22/12/2025;BQ;511100;Encaissement FV202511-0108;7152,58;;NA;C0019;FV202511-0108
BQ202500096;22/12/2025;BQ;401100;LOUIS PAYET S.A. - reglement;;7152,58;NA;C0019;FV202511-0108
BQ202500374;22/12/2025;BQ;441100;ALVES - reglement;1989,05;;NA;F0002;FA202511-0156
BQ202500374;22/12/2025;BQ;511100;Paiement FA202511-0156;;1989,05;NA;F0002;FA202511-0156
VE202500114;22/12/2025;VE;401100;BOUTIN DUMAS ET FILS - Prestation de services;6725,07;;NA;C0008;FV202512-0114
VE202500114;22/12/2025;VE;704000;Prestation de services;;5747,92;S17;C0008;FV202512-0114
VE202500114;22/12/2025;VE;461411;TVA collectee 17%;;977,15;NA;C0008;FV202512-0114
BQ202500057;23/12/2025;BQ;511100;Encaissement FV202511-0067;3288,04;;NA;C0022;FV202511-0067
BQ202500057;23/12/2025;BQ;401100;BRUNEAU S.A.S. - reglement;;3288,04;NA;C0022;FV202511-0067
BQ202500333;23/12/2025;BQ;441100;LEGRAND BOURDON ET FILS - reglement;2449,20;;NA;F0015;FA202511-0102
BQ202500333;23/12/2025;BQ;511100;Paiement FA202511-0102;;2449,20;NA;F0015;FA202511-0102
AC202500101;24/12/2025;AC;614300;Abonnements logiciels;1202,64;;A17;F0006;FA202512-0101
AC202500101;24/12/2025;AC;421611;TVA deductible 17%;204,45;;NA;F0006;FA202512-0101
AC202500101;24/12/2025;AC;441100;GILLES CLERC SARL - Abonnements logiciels;;1407,09;NA;F0006;FA202512-0101
BQ202500326;24/12/2025;BQ;441100;GRONDIN - reglement;6707,60;;NA;F0020;FA202510-0091
BQ202500326;24/12/2025;BQ;511100;Paiement FA202510-0091;;6707,60;NA;F0020;FA202510-0091
VE202500057;24/12/2025;VE;401100;HENRY - Vente de produits finis;2420,26;;NA;C0010;FV202512-0057
VE202500057;24/12/2025;VE;705000;Vente de produits finis;;2068,60;S17;C0010;FV202512-0057
VE202500057;24/12/2025;VE;461411;TVA collectee 17%;;351,66;NA;C0010;FV202512-0057
VE202500265;24/12/2025;VE;401100;BRUNEAU S.A.S. - Prestation intracommunautaire;10809,82;;NA;C0022;FV202512-0265
VE202500265;24/12/2025;VE;704000;Prestation intracommunautaire;;10809,82;SIC;C0022;FV202512-0265
BQ202500287;25/12/2025;BQ;441100;BOURDON S.A.R.L. - reglement;635,87;;NA;F0004;FA202510-0046
BQ202500287;25/12/2025;BQ;511100;Paiement FA202510-0046;;635,87;NA;F0004;FA202510-0046
OD202500012;25/12/2025;OD;621000;Salaires bruts 12/2025;24294,77;;NA;;PAIE-12
OD202500012;25/12/2025;OD;622000;Charges patronales 12/2025;3158,32;;NA;;PAIE-12
OD202500012;25/12/2025;OD;462000;Cotisations CCSS;;6195,17;NA;;PAIE-12
OD202500012;25/12/2025;OD;471000;Net a payer;;21257,92;NA;;PAIE-12
VE202500245;25/12/2025;VE;401100;FONTAINE LE ROUX SARL - Vente de marchandises;1478,14;;NA;C0006;FV202512-0245
VE202500245;25/12/2025;VE;702000;Vente de marchandises;;1263,37;S17;C0006;FV202512-0245
VE202500245;25/12/2025;VE;461411;TVA collectee 17%;;214,77;NA;C0006;FV202512-0245
AC202500100;26/12/2025;AC;616100;Transport sur achats;1389,32;;A17;F0014;FA202512-0100
AC202500100;26/12/2025;AC;421611;TVA deductible 17%;236,18;;NA;F0014;FA202512-0100
AC202500100;26/12/2025;AC;441100;BOUSQUET - Transport sur achats;;1625,50;NA;F0014;FA202512-0100
AC202500249;26/12/2025;AC;614100;Honoraires comptables;3134710,00;;A17;F0011;FA202512-0249
AC202500249;26/12/2025;AC;421611;TVA deductible 17%;532900,00;;NA;F0011;FA202512-0249
AC202500249;26/12/2025;AC;441100;GUIBERT S.A. - Honoraires comptables;;3667610,00;NA;F0011;FA202512-0249
VE202500032;26/12/2025;VE;401100;REY - Prestation de services;3254,46;;NA;C0025;FV202512-0032
VE202500032;26/12/2025;VE;704000;Prestation de services;;2781,59;S17;C0025;FV202512-0032
VE202500032;26/12/2025;VE;461411;TVA collectee 17%;;472,87;NA;C0025;FV202512-0032
VE202500208;26/12/2025;VE;401100;FONTAINE LE ROUX SARL - Vente de marchandises;1803,08;;NA;C0006;FV202512-0208
VE202500208;26/12/2025;VE;702000;Vente de marchandises;;1541,09;S17;C0006;FV202512-0208
VE202500208;26/12/2025;VE;461411;TVA collectee 17%;;261,99;NA;C0006;FV202512-0208
BQ202500293;27/12/2025;BQ;441100;FOURNIER - reglement;3702,01;;NA;F0021;FA202511-0055
BQ202500293;27/12/2025;BQ;511100;Paiement FA202511-0055;;3702,01;NA;F0021;FA202511-0055
BQ202500466;28/12/2025;BQ;618000;Frais de tenue de compte;58,06;;NA;;BQ-FRAIS-12
BQ202500466;28/12/2025;BQ;511100;Frais bancaires;;58,06;NA;;BQ-FRAIS-12
BQ202500467;28/12/2025;BQ;192100;Remboursement emprunt - capital;1600,00;;NA;;EMP-12
BQ202500467;28/12/2025;BQ;655000;Interets de l'emprunt;202,53;;NA;;EMP-12
BQ202500467;28/12/2025;BQ;511100;Echeance emprunt;;1802,53;NA;;EMP-12
BQ202500490;28/12/2025;BQ;471000;Virement des salaires;21257,92;;NA;;PAIE-12
BQ202500490;28/12/2025;BQ;511100;Virement des salaires;;21257,92;NA;;PAIE-12
BQ202500491;28/12/2025;BQ;462000;Paiement CCSS;6195,17;;NA;;CCSS-12
BQ202500491;28/12/2025;BQ;511100;Paiement CCSS;;6195,17;NA;;CCSS-12
OD202500016;28/12/2025;OD;221900;Amortissement T4;;1125,00;NA;;AMORT-T4
OD202500016;28/12/2025;OD;222900;Amortissement T4;;1550,00;NA;;AMORT-T4
OD202500016;28/12/2025;OD;223900;Amortissement T4;;4215,00;NA;;AMORT-T4
OD202500016;28/12/2025;OD;211900;Amortissement T4;;775,00;NA;;AMORT-T4
OD202500016;28/12/2025;OD;631000;Dotation aux amortissements T4;7665,00;;NA;;AMORT-T4
BQ202500031;29/12/2025;BQ;511100;Encaissement FV202510-0038;3336,78;;NA;C0016;FV202510-0038
BQ202500031;29/12/2025;BQ;401100;ADAM VERDIER ET FILS - reglement;;3336,78;NA;C0016;FV202510-0038
BQ202500184;29/12/2025;BQ;511100;Encaissement FV202510-0218;13057,66;;NA;C0024;FV202510-0218
BQ202500184;29/12/2025;BQ;401100;LESAGE - reglement;;13057,66;NA;C0024;FV202510-0218
BQ202500194;29/12/2025;BQ;511100;Encaissement FV202512-0231;1477,53;;NA;C0022;FV202512-0231
BQ202500194;29/12/2025;BQ;401100;BRUNEAU S.A.S. - reglement;;1477,53;NA;C0022;FV202512-0231
BQ202500303;30/12/2025;BQ;441100;GUIBERT S.A. - reglement;5732,73;;NA;F0011;FA202510-0065
BQ202500303;30/12/2025;BQ;511100;Paiement FA202510-0065;;5732,73;NA;F0011;FA202510-0065
BQ202500381;30/12/2025;BQ;441100;MARQUES - reglement;1331,26;;NA;F0001;FA202511-0163
BQ202500381;30/12/2025;BQ;511100;Paiement FA202511-0163;;1331,26;NA;F0001;FA202511-0163
VE202500031;30/12/2025;VE;401100;LOUIS PAYET S.A. - Prestation de services;4461,82;;NA;C0019;FV202512-0031
VE202500031;30/12/2025;VE;704000;Prestation de services;;3813,52;S17;C0019;FV202512-0031
VE202500031;30/12/2025;VE;461411;TVA collectee 17%;;648,30;NA;C0019;FV202512-0031
VE202500043;30/12/2025;VE;401100;JACQUET SARL - Vente de biens - taux super-reduit;12368,17;;NA;C0009;FV202512-0043
VE202500043;30/12/2025;VE;702000;Vente de biens - taux super-reduit;;12007,93;S3;C0009;FV202512-0043
VE202500043;30/12/2025;VE;461414;TVA collectee 3%;;360,24;NA;C0009;FV202512-0043
VE202500140;30/12/2025;VE;401100;BRUNEAU S.A.S. - Prestation de services;4055,62;;NA;C0022;FV202512-0140
VE202500140;30/12/2025;VE;704000;Prestation de services;;3466,34;S17;C0022;FV202512-0140
VE202500140;30/12/2025;VE;461411;TVA collectee 17%;;589,28;NA;C0022;FV202512-0140
VE202500156;30/12/2025;VE;401100;BONNEAU - Prestation de services;1700,34;;NA;C0007;FV202512-0156
VE202500156;30/12/2025;VE;704000;Prestation de services;;1453,28;S17;C0007;FV202512-0156
VE202500156;30/12/2025;VE;461411;TVA collectee 17%;;247,06;NA;C0007;FV202512-0156
BQ202500001;31/12/2025;BQ;511100;Encaissement FV202512-0001;9408,27;;NA;C0007;FV202512-0001
BQ202500001;31/12/2025;BQ;401100;BONNEAU - reglement;;9408,27;NA;C0007;FV202512-0001
BQ202500006;31/12/2025;BQ;511100;Encaissement FV202512-0008;2921,57;;NA;C0003;FV202512-0008
BQ202500006;31/12/2025;BQ;401100;FAIVRE LELEU ET FILS - reglement;;2921,57;NA;C0003;FV202512-0008
BQ202500016;31/12/2025;BQ;511100;Encaissement FV202512-0020;3279,92;;NA;C0005;FV202512-0020
BQ202500016;31/12/2025;BQ;401100;BARTHELEMY S.A.S. - reglement;;3279,92;NA;C0005;FV202512-0020
BQ202500025;31/12/2025;BQ;511100;Encaissement FV202512-0031;4461,82;;NA;C0019;FV202512-0031
BQ202500025;31/12/2025;BQ;401100;LOUIS PAYET S.A. - reglement;;4461,82;NA;C0019;FV202512-0031
BQ202500026;31/12/2025;BQ;511100;Encaissement FV202512-0032;1821,40;;NA;C0025;FV202512-0032
BQ202500026;31/12/2025;BQ;401100;REY - reglement;;1821,40;NA;C0025;FV202512-0032
BQ202500028;31/12/2025;BQ;511100;Encaissement FV202512-0034;3728,70;;NA;C0020;FV202512-0034
BQ202500028;31/12/2025;BQ;401100;LECLERCQ S.A.S. - reglement;;3728,70;NA;C0020;FV202512-0034
BQ202500036;31/12/2025;BQ;511100;Encaissement FV202512-0043;12368,17;;NA;C0009;FV202512-0043
BQ202500036;31/12/2025;BQ;401100;JACQUET SARL - reglement;;12368,17;NA;C0009;FV202512-0043
BQ202500044;31/12/2025;BQ;511100;Encaissement FV202512-0052;3752,35;;NA;C0016;FV202512-0052
BQ202500044;31/12/2025;BQ;401100;ADAM VERDIER ET FILS - reglement;;3752,35;NA;C0016;FV202512-0052
BQ202500050;31/12/2025;BQ;511100;Encaissement FV202511-0059;18362,82;;NA;C0011;FV202511-0059
BQ202500050;31/12/2025;BQ;401100;CHEVALIER SARL - reglement;;18362,82;NA;C0011;FV202511-0059
BQ202500055;31/12/2025;BQ;511100;Encaissement FV202511-0065;3968,36;;NA;C0022;FV202511-0065
BQ202500055;31/12/2025;BQ;401100;BRUNEAU S.A.S. - reglement;;3968,36;NA;C0022;FV202511-0065
BQ202500077;31/12/2025;BQ;511100;Encaissement FV202510-0087;445,71;;NA;C0010;FV202510-0087
BQ202500077;31/12/2025;BQ;401100;HENRY - reglement;;445,71;NA;C0010;FV202510-0087
BQ202500083;31/12/2025;BQ;511100;Encaissement FV202512-0093;3181,94;;NA;C0024;FV202512-0093
BQ202500083;31/12/2025;BQ;401100;LESAGE - reglement;;3181,94;NA;C0024;FV202512-0093
BQ202500090;31/12/2025;BQ;511100;Encaissement FV202512-0101;3452,02;;NA;C0025;FV202512-0101
BQ202500090;31/12/2025;BQ;401100;REY - reglement;;3452,02;NA;C0025;FV202512-0101
BQ202500100;31/12/2025;BQ;511100;Encaissement FV202512-0114;6725,07;;NA;C0008;FV202512-0114
BQ202500100;31/12/2025;BQ;401100;BOUTIN DUMAS ET FILS - reglement;;6725,07;NA;C0008;FV202512-0114
BQ202500112;31/12/2025;BQ;511100;Encaissement FV202512-0129;4616,68;;NA;C0010;FV202512-0129
BQ202500112;31/12/2025;BQ;401100;HENRY - reglement;;4616,68;NA;C0010;FV202512-0129
BQ202500114;31/12/2025;BQ;511100;Encaissement FV202512-0131;2942,29;;NA;C0017;FV202512-0131
BQ202500114;31/12/2025;BQ;401100;DIAZ PETITJEAN ET FILS - reglement;;2942,29;NA;C0017;FV202512-0131
BQ202500122;31/12/2025;BQ;511100;Encaissement FV202512-0140;4055,62;;NA;C0022;FV202512-0140
BQ202500122;31/12/2025;BQ;401100;BRUNEAU S.A.S. - reglement;;4055,62;NA;C0022;FV202512-0140
BQ202500124;31/12/2025;BQ;511100;Encaissement FV202511-0143;3280,34;;NA;C0004;FV202511-0143
BQ202500124;31/12/2025;BQ;401100;GIMENEZ S.A. - reglement;;3280,34;NA;C0004;FV202511-0143
BQ202500125;31/12/2025;BQ;511100;Encaissement FV202510-0144;2002,99;;NA;C0002;FV202510-0144
BQ202500125;31/12/2025;BQ;401100;JOLY S.A.R.L. - reglement;;2002,99;NA;C0002;FV202510-0144
BQ202500127;31/12/2025;BQ;511100;Encaissement FV202511-0146;2488,36;;NA;C0002;FV202511-0146
BQ202500127;31/12/2025;BQ;401100;JOLY S.A.R.L. - reglement;;2488,36;NA;C0002;FV202511-0146
BQ202500128;31/12/2025;BQ;511100;Encaissement FV202511-0147;1718,95;;NA;C0022;FV202511-0147
BQ202500128;31/12/2025;BQ;401100;BRUNEAU S.A.S. - reglement;;1718,95;NA;C0022;FV202511-0147
BQ202500129;31/12/2025;BQ;511100;Encaissement FV202511-0148;2945,55;;NA;C0018;FV202511-0148
BQ202500129;31/12/2025;BQ;401100;BOUVET - reglement;;2945,55;NA;C0018;FV202511-0148
BQ202500132;31/12/2025;BQ;511100;Encaissement FV202511-0151;13246,73;;NA;C0017;FV202511-0151
BQ202500132;31/12/2025;BQ;401100;DIAZ PETITJEAN ET FILS - reglement;;13246,73;NA;C0017;FV202511-0151
BQ202500133;31/12/2025;BQ;511100;Encaissement FV202511-0153;4331,74;;NA;C0026;FV202511-0153
BQ202500133;31/12/2025;BQ;401100;DOS SANTOS BESNARD SA - reglement;;4331,74;NA;C0026;FV202511-0153
BQ202500135;31/12/2025;BQ;511100;Encaissement FV202511-0155;2066,49;;NA;C0002;FV202511-0155
BQ202500135;31/12/2025;BQ;401100;JOLY S.A.R.L. - reglement;;2066,49;NA;C0002;FV202511-0155
BQ202500136;31/12/2025;BQ;511100;Encaissement FV202512-0156;878,03;;NA;C0007;FV202512-0156
BQ202500136;31/12/2025;BQ;401100;BONNEAU - reglement;;878,03;NA;C0007;FV202512-0156
BQ202500149;31/12/2025;BQ;511100;Encaissement FV202512-0172;6745,72;;NA;C0022;FV202512-0172
BQ202500149;31/12/2025;BQ;401100;BRUNEAU S.A.S. - reglement;;6745,72;NA;C0022;FV202512-0172
BQ202500151;31/12/2025;BQ;511100;Encaissement FV202512-0174;3133,60;;NA;C0023;FV202512-0174
BQ202500151;31/12/2025;BQ;401100;COLLET - reglement;;3133,60;NA;C0023;FV202512-0174
BQ202500160;31/12/2025;BQ;511100;Encaissement FV202512-0186;2678,80;;NA;C0022;FV202512-0186
BQ202500160;31/12/2025;BQ;401100;BRUNEAU S.A.S. - reglement;;2678,80;NA;C0022;FV202512-0186
BQ202500177;31/12/2025;BQ;511100;Encaissement FV202512-0208;1803,08;;NA;C0006;FV202512-0208
BQ202500177;31/12/2025;BQ;401100;FONTAINE LE ROUX SARL - reglement;;1803,08;NA;C0006;FV202512-0208
BQ202500178;31/12/2025;BQ;511100;Encaissement FV202512-0209;5959,48;;NA;C0017;FV202512-0209
BQ202500178;31/12/2025;BQ;401100;DIAZ PETITJEAN ET FILS - reglement;;5959,48;NA;C0017;FV202512-0209
BQ202500189;31/12/2025;BQ;511100;Encaissement FV202511-0224;6688,53;;NA;C0018;FV202511-0224
BQ202500189;31/12/2025;BQ;401100;BOUVET - reglement;;6688,53;NA;C0018;FV202511-0224
BQ202500200;31/12/2025;BQ;511100;Encaissement FV202511-0237;1711,11;;NA;C0021;FV202511-0237
BQ202500200;31/12/2025;BQ;401100;FISCHER - reglement;;1711,11;NA;C0021;FV202511-0237
BQ202500202;31/12/2025;BQ;511100;Encaissement FV202512-0243;3912,05;;NA;C0023;FV202512-0243
BQ202500202;31/12/2025;BQ;401100;COLLET - reglement;;3912,05;NA;C0023;FV202512-0243
BQ202500211;31/12/2025;BQ;511100;Encaissement FV202512-0258;6500,41;;NA;C0019;FV202512-0258
BQ202500211;31/12/2025;BQ;401100;LOUIS PAYET S.A. - reglement;;6500,41;NA;C0019;FV202512-0258
BQ202500217;31/12/2025;BQ;511100;Encaissement FV202512-0265;10809,82;;NA;C0022;FV202512-0265
BQ202500217;31/12/2025;BQ;401100;BRUNEAU S.A.S. - reglement;;10809,82;NA;C0022;FV202512-0265
BQ202500241;31/12/2025;BQ;511100;Encaissement FV202512-0293;13476,60;;NA;C0007;FV202512-0293
BQ202500241;31/12/2025;BQ;401100;BONNEAU - reglement;;13476,60;NA;C0007;FV202512-0293
BQ202500258;31/12/2025;BQ;441100;GRÉGOIRE - reglement;654,91;;NA;F0012;FA202512-0014
BQ202500258;31/12/2025;BQ;511100;Paiement FA202512-0014;;654,91;NA;F0012;FA202512-0014
BQ202500259;31/12/2025;BQ;441100;GRÉGOIRE - reglement;435,71;;NA;F0012;FA202511-0015
BQ202500259;31/12/2025;BQ;511100;Paiement FA202511-0015;;435,71;NA;F0012;FA202511-0015
BQ202500288;31/12/2025;BQ;441100;BOUTIN SARL - reglement;5092,89;;NA;F0007;FA202512-0047
BQ202500288;31/12/2025;BQ;511100;Paiement FA202512-0047;;5092,89;NA;F0007;FA202512-0047
BQ202500319;31/12/2025;BQ;441100;DUVAL - reglement;3200,00;;NA;F0008;FA202512-0081
BQ202500319;31/12/2025;BQ;511100;Paiement FA202512-0081;;3200,00;NA;F0008;FA202512-0081
BQ202500340;31/12/2025;BQ;441100;GUIBERT S.A. - reglement;364,51;;NA;F0011;FA202512-0111
BQ202500340;31/12/2025;BQ;511100;Paiement FA202512-0111;;364,51;NA;F0011;FA202512-0111
BQ202500347;31/12/2025;BQ;441100;CHAUVEAU S.A. - reglement;789,42;;NA;F0017;FA202511-0119
BQ202500347;31/12/2025;BQ;511100;Paiement FA202511-0119;;789,42;NA;F0017;FA202511-0119
BQ202500383;31/12/2025;BQ;441100;GUIBERT S.A. - reglement;12410,39;;NA;F0011;FA202512-0165
BQ202500383;31/12/2025;BQ;511100;Paiement FA202512-0165;;12410,39;NA;F0011;FA202512-0165
BQ202500415;31/12/2025;BQ;441100;GRÉGOIRE - reglement;5936,73;;NA;F0012;FA202512-0213
BQ202500415;31/12/2025;BQ;511100;Paiement FA202512-0213;;5936,73;NA;F0012;FA202512-0213
BQ202500425;31/12/2025;BQ;441100;LEGRAND BOURDON ET FILS - reglement;1242,50;;NA;F0015;FA202511-0223
BQ202500425;31/12/2025;BQ;511100;Paiement FA202511-0223;;1242,50;NA;F0015;FA202511-0223
BQ202500430;31/12/2025;BQ;441100;LEGRAND BOURDON ET FILS - reglement;924,11;;NA;F0015;FA202511-0233
BQ202500430;31/12/2025;BQ;511100;Paiement FA202511-0233;;924,11;NA;F0015;FA202511-0233
BQ202500441;31/12/2025;BQ;441100;FERRAND - reglement;4607,96;;NA;F0013;FA202511-0248
BQ202500441;31/12/2025;BQ;511100;Paiement FA202511-0248;;4607,96;NA;F0013;FA202511-0248
BQ202500442;31/12/2025;BQ;441100;GUIBERT S.A. - reglement;3667,61;;NA;F0011;FA202512-0249
BQ202500442;31/12/2025;BQ;511100;Paiement FA202512-0249;;3667,61;NA;F0011;FA202512-0249
OD202500017;31/12/2025;OD;671000;Impot sur le revenu des collectivites;24956,30;;NA;;IMPOT-2025
OD202500017;31/12/2025;OD;672000;Impot commercial communal;9260,86;;NA;;IMPOT-2025
OD202500017;31/12/2025;OD;461700;Impots sur le resultat a payer;;34217,16;NA;;IMPOT-2025
OD202500018;31/12/2025;OD;681000;Impot sur la fortune;4508,68;;NA;;IF-2025
OD202500018;31/12/2025;OD;461700;Impot sur la fortune a payer;;4508,68;NA;;IF-2025
OD202500030;31/12/2025;OD;461411;Solde TVA collectee 12/2025;12852,57;;NA;;TVA-12
OD202500030;31/12/2025;OD;461413;Solde TVA collectee 12/2025;896,35;;NA;;TVA-12
OD202500030;31/12/2025;OD;461414;Solde TVA collectee 12/2025;460,78;;NA;;TVA-12
OD202500030;31/12/2025;OD;421611;Solde TVA deductible 12/2025;;3814,91;NA;;TVA-12
OD202500030;31/12/2025;OD;421614;Solde TVA deductible 12/2025;;21,58;NA;;TVA-12
OD202500030;31/12/2025;OD;421613;Solde TVA deductible 12/2025;;439,76;NA;;TVA-12
OD202500030;31/12/2025;OD;461500;TVA due 12/2025;;9933,45;NA;;TVA-12
VE202500207;04/01/2026;VE;704000;Prestation de services;;1451,44;S17;C0020;FV202504-0207
VE202500298;12/01/2026;VE;401100;JACQUOT ET FILS - Vente de produits finis;3631,81;;NA;C0027;FV202506-0298
VE202500207;13/01/2026;VE;461411;TVA collectee 17%;;246,74;NA;C0020;FV202504-0207
VE202500298;14/01/2026;VE;461411;TVA collectee 17%;;527,70;NA;C0027;FV202506-0298
VE202500207;31/01/2026;VE;401100;LECLERCQ S.A.S. - Prestation de services;1698,18;;NA;C0020;FV202504-0207
VE202500298;02/02/2026;VE;705000;Vente de produits finis;;3104,11;S17;C0027;FV202506-0298
